題號,類別/階段,題目,選項A,選項B,選項C,選項D,正確答案,完整解析
1,校內選拔賽,2015年聯合國氣候峰會中通過的氣候協議(巴黎協定)，各國須致力控制地球升溫不能超過工業革命前多少度？,1℃之內,2℃之內,4℃之內,5℃之內,(B) 2℃之內,"【正解說明】2015年聯合國氣候變遷綱要公約第21次締約方會議（COP21）通過《巴黎協定》（Paris Agreement），其核心目標是將全球平均氣溫升幅控制在工業化前水平的「2℃之內」，並努力追求將升溫限制在「1.5℃之內」，以大幅降低氣候變遷帶來的全球災難性風險。
【其他選項解析】
(A) 1℃之內：全球目前平均氣溫已較工業革命前上升超過1.1℃，並非巴黎協定設定之門檻目標。
(C) 4℃之內、(D) 5℃之內：若升溫達到4℃至5℃，將引發全球極端乾旱、冰層融化瓦解與海平面急遽上升等毀滅性浩劫，非國際公約所允許之目標。"
2,校內選拔賽,下列何者不是設置空氣品質淨化區的基本理念？,藉由植物的生理特性來減少塵埃與懸浮微粒,提供單一物種的生存環境,減緩廢棄物、噪音、水污染等人為環境污染,提供生態模擬及生態教育的場所,(B) 提供單一物種的生存環境,"【正解說明】設置「空氣品質淨化區」的核心理念在於透過多樣化原生植物與複層植栽營造良好的微氣候，淨化空氣並維持「生物多樣性」，絕非「提供單一物種的生存環境」；單一物種環境生態穩定度極低且易生病蟲害，違反生態綠化原則，故(B)不是其理念。
【其他選項解析】
(A) 藉由植物生理特性滯塵與吸附PM：此為空淨區最核心之空氣淨化功能。
(C) 減緩人為環境污染：空淨區具備綠帶緩衝功能，可阻隔吸收噪音與異味。
(D) 提供生態教育場所：空淨區結合社區與休閒空間，為優良之環境教育與生態展示場域。"
3,校內選拔賽,測量道路噪音時，儀器應設置於距地面多少高度進行測量？,0.5~0.7公尺,0.8~1公尺,1.2~1.5公尺,1.6~2公尺,(C) 1.2~1.5公尺,"【正解說明】依據我國環境部公告之「環境噪音測量方法」標準規範，測量環境或道路噪音時，噪音計之麥克風受音器應架設於離地面「1.2至1.5公尺」的高度（此高度貼近人體站立時耳朵接收聲音之平均水平），可避免地面反射波干擾並準確反映人體受音實況。
【其他選項解析】
(A)、(B)、(D) 皆非環境法規所規定之標準受音高度；高度過低易受地面吸音或近地反射波失真干擾，高度過高則偏離人耳常態受音範圍。"
4,校內選拔賽,下列何者是因開採砂石時未做好水土保持所造成的影響？,土石流,熱島效應,空氣污染,全球暖化,(A) 土石流,"【正解說明】開採砂石若缺乏妥善的水土保持與邊坡防護設施，會使山坡地表植被破壞、表土裸露且鬆散。一旦遭遇颱風或豪大雨沖刷，極易順著溪谷引發嚴重的「土石流」與山崩崩塌災害。
【其他選項解析】
(B) 熱島效應：主要肇因於都市高度水泥化、建築密集與大量人工排熱。
(C) 空氣污染：砂石開採雖可能產生局部揚塵，但水土保持未做好最直接且重大的地質災害為土石流。
(D) 全球暖化：主要是大量燃燒化石燃料排放二氧化碳等溫室氣體所致。"
5,校內選拔賽,2024年，東沙環礁群島附近出現大量棘冠海星，牠們啃食石珊瑚，嚴重危及當地珊瑚生態。專家推測，棘冠海星數量快速增加，可能與捕食牠們的大法螺遭人類大量捕捉、數量減少有關。請問，大法螺與棘冠海星之間的關係屬於哪一種？,掠食,競爭,片利共生,寄生,(A) 掠食,"【正解說明】大法螺以棘冠海星為主要食物來源。在捕食過程中，大法螺獲得養分（掠食者獲利），棘冠海星失去生命（獵物死亡），這種一得一失且伴隨殺死獵物的生物種間交互作用屬於典型的「掠食（Predation）」關係。
【其他選項解析】
(B) 競爭：指不同生物為了爭奪相同之食物、領域或陽光等資源而互相抑制的關係。
(C) 片利共生：指一方獲利，另一方既不受害也不獲利的共生關係（如鮣魚附著於鯊魚）。
(D) 寄生：指寄生者寄居於宿主體內外吸取養分，通常不會立即致宿主於死。"
6,校內選拔賽,環境部提醒民眾，颱風過後飲水須煮沸再飲用，如擔心水有異味，煮沸後應將蓋子打開至少幾分鐘以上？,1分鐘,3分鐘,15分鐘,30分鐘,(B) 3分鐘,"【正解說明】颱風過後自來水原水濁度升高，自來水廠通常會增加加氯消毒劑量以確保滅菌，使水中餘氯及可能的三鹵甲烷副產物微幅增加。環境部宣導飲用水煮沸達到沸點後，應「打開水壺蓋以小火續煮至少3分鐘」，使餘氯與揮發性有機物充分蒸散逸出。
【其他選項解析】
(A) 1分鐘：時間過短，可能不足以使微量揮發性消毒副產物充分逸散。
(C) 15分鐘、(D) 30分鐘：時間過長且耗費能源，亦會導致水份過度蒸發濃縮，無此必要。"
7,校內選拔賽,哪一項做法可以延長衣物壽命？,保護衣物材質，使用乾洗清潔,每天清洗保持衣物潔淨,為求衣物乾燥，經常使用烘衣機,衣服翻面晾曬並斟酌時間,(D) 衣服翻面晾曬並斟酌時間,"【正解說明】衣物翻面晾曬能避免外表印花與纖維直接受到陽光紫外線長時間照射而褪色脆化，適度控制晾曬時間可維持纖維彈性，是延長衣物壽命最有效且環保的日常保養方式。
【其他選項解析】
(A) 頻繁乾洗：乾洗常使用化學溶劑（如四氯乙烯），長期會損害衣物特殊纖維並造成環境污染。
(B) 每天過度清洗：未髒的衣物過度機械搓洗會加速纖維起毛球、磨損變形。
(C) 經常使用烘衣機：高溫烘乾容易造成布料纖維縮水硬化與彈性受損。"
8,校內選拔賽,國際「世界水資源日」係指每年的哪一天？,2月28日,3月22日,4月20日,6月5日,(B) 3月22日,"【正解說明】聯合國大會於1993年通過決議，將每年的「3月22日」訂為「世界水資源日（World Water Day）」，旨在喚起各國重視水資源短缺危機、強化淡水資源保護與永續管理。
【其他選項解析】
(A) 2月28日：我國二二八和平紀念日。
(C) 4月20日：非主要國際環境紀念日（4月22日為世界地球日）。
(D) 6月5日：為聯合國「世界環境日（World Environment Day）」。"
9,校內選拔賽,「位於凹岸的村落因河岸持續地退縮而被迫遷村。」文中所述的河岸地退縮現象，主要是哪一種河流作用所形成？,磨蝕,溶蝕,吹蝕,侵蝕,(D) 侵蝕,"【正解說明】河流流經彎道時，水流因慣性與離心力作用直衝「凹岸」，造成凹岸水流速度快且側向「侵蝕作用（Erosion）」強烈，使河岸邊坡不斷掏空崩塌退縮；而在凸岸則因流速慢而以「堆積作用」為主。
【其他選項解析】
(A) 磨蝕：指流水搬運泥沙顆粒碰撞摩擦岩壁之微觀機制，屬於侵蝕作用的一種方式，但整體地貌退縮之宏觀作用稱為侵蝕。
(B) 溶蝕：指可溶性岩石（如石灰岩）被水化學溶解之地質作用。
(C) 吹蝕：為風力搬運細砂淘空地面之風蝕地形作用，非河流作用。"
10,校內選拔賽,以下有關碳稅的敘述何者不正確？,碳稅指的是對生產商品和服務，在過程中任何階段依據使用化石燃料的碳含量所徵的,碳稅的目的是彰顯碳排放所隱含的社會成本。,透過提高化石燃料的價格有可能達到減少溫室氣體排放的目的,碳稅是一種經濟行為，與我們的生活毫無關係,(D) 碳稅是一種經濟行為，與我們的生活毫無關係,"【正解說明】碳稅（Carbon Tax）是將碳排放的外部成本內部化的經濟工具，徵收碳稅會透過供應鏈傳遞影響電價、油價、交通運輸與民生消費品價格，並引導大眾生活轉向低碳消費模式，與全民生活息息相關，故(D)說「與我們的生活毫無關係」是錯誤的。
【其他選項解析】
(A) 碳稅定義為依產品生命週期中化石燃料碳含量課徵稅捐，敘述正確。
(B) 碳稅之核心目的即為彰顯溫室氣體排放之環境與社會外部成本，敘述正確。
(C) 透過價格機制提高化石能源成本，能促使企業與民眾自主節能減碳，敘述正確。"
11,校內選拔賽,如廁後將衛生紙直接丟入馬桶沖掉，無法減少下列哪項環境衛生問題？,減少蚊蠅孳生,減少如廁舒適,減少細菌或傳染病傳播,減少廁所異味,(B) 減少如廁舒適,"【正解說明】將衛生紙直接丟入馬桶沖掉能保持廁所乾淨無異味，實質上是「增加」而非「減少」如廁舒適度；題目問何者「無法減少」，因此「減少如廁舒適」（並非環境衛生問題且邏輯反向）為正解。
【其他選項解析】
(A)、(C)、(D) 都是將沾有糞尿的衛生紙堆置於垃圾桶所引發的典型衛生問題（孳生蚊蠅、病菌散播、散發臭味），直接丟馬桶沖走能有效減少此三項問題。"
12,校內選拔賽,何謂碳匯？,針對排放二氧化碳的企業徵收的貨幣,將二氧化碳持續移除後儲存於自然或人為系統中,二氧化碳的供給管道,所有排放源產生的二氧化碳,(B) 將二氧化碳持續移除後儲存於自然或人為系統中,"【正解說明】「碳匯（Carbon Sink）」是指能夠持續吸收、清除大氣中的二氧化碳，並將其固定儲存於自然生態庫（如森林綠碳、海洋藍碳、土壤黃碳）或人為工程系統（如碳捕集與封存CCUS）中的機制或場所。
【其他選項解析】
(A) 針對排放企業徵收的費用稱為「碳費」或「碳稅」。
(C)、(D) 產生與釋放二氧化碳的來源稱為「碳源（Carbon Source）」，與碳匯相反。"
13,校內選拔賽,我們如何稱呼農糧產品及各種消費品在生產過程中所消耗的水資源？,水耗量,水商品,水足跡,水能量,(C) 水足跡,"【正解說明】「水足跡（Water Footprint）」是指任何商品或服務在其完整生命週期（從原料開採、種植、加工、製造到廢棄）中，直接與間接消耗與污染的淡水資源總量（包括綠水、藍水與灰水足跡）。
【其他選項解析】
(A) 水耗量：僅指一般用水量數據，非全生命週期評估專有名詞。
(B) 水商品、(D) 水能量：皆非環境科學中評估產品耗水量的專業術語。"
14,校內選拔賽,臺灣造林應優先考量的區域不包括下列哪些地區？,山坡地,復耕性低或污染整治完成之農地,都會公園,嚴重地層下陷地區,(C) 都會公園,"【正解說明】國土造林政策優先考量生態脆弱、水土保持需求高或低利用價值的邊際土地（如易崩塌山坡地、海岸防風林、嚴重地層下陷區、不易復耕之邊際農地）。「都會公園」屬於都市休閒綠美化公共設施，非國家大規模生態造林專案之優先指定區域。
【其他選項解析】
(A) 山坡地：造林可固土涵水、防止崩塌土石流。
(B) 復耕性低農地：轉型造林有助於國土生態復育並增加碳匯。
(D) 嚴重地層下陷區：不宜密集農業抽取地下水，適合造林涵養生態。"
15,校內選拔賽,以下哪個選項最能準確地定義「淨零排放」？,減少人類活動，避免溫室氣體排放,排放的溫室氣體總量，與吸收或封存的量加總為零,使用先進技術，將大氣中的溫室氣體完全排除,全球所有國家設定相同的碳排放目標,(B) 排放的溫室氣體總量，與吸收或封存的量加總為零,"【正解說明】「淨零排放（Net Zero Emissions）」指在特定時間範圍內，人為活動所產生的所有溫室氣體排放量，透過人為移除方式（如植樹造林碳匯、負碳技術、碳捕集利用與封存CCUS等）相互抵消，達到「人為淨排放總量為零（平衡）」的狀態。
【其他選項解析】
(A) 人類無法完全停止活動與絕對零排放，淨零的核心是抵消平衡。
(C) 大氣中適度溫室氣體維持地球宜居溫度，完全排除是不可能且有害的。
(D) 各國依發展水準負擔「共同但有區別的責任」，排放目標各不相同。"
16,校內選拔賽,關於環境危害的對應，下列何者正確？,游離輻射—物理性危害,振動—生物性危害,噪音—化學性危害,過敏—物理性危害,(A) 游離輻射—物理性危害,"【正解說明】環境危害因子分類中，「物理性危害」指由能量形式（如游離輻射、非游離輻射、噪音、振動、極端高低溫、異常氣壓等）所造成的健康危害，因此「游離輻射—物理性危害」完全正確。
【其他選項解析】
(B) 振動：屬於「物理性危害」。
(C) 噪音：屬於「物理性危害」。
(D) 過敏：多由花粉、塵蟎等生物過敏原或化學物質引起，非物理性危害。"
17,校內選拔賽,自107年1月1日起，購物用塑膠袋之管制對象，已由原本7大類擴大為幾類？,10大類,12大類,14大類,16大類,(C) 14大類,"【正解說明】我國環境部（前環保署）修正購物用塑膠袋限制使用政策，自民國107年（2018年）1月1日起，管制對象由原先的7大類擴大至「14大類」（新增藥粧店、醫療器材行、家電攝影通訊行、書籍文具行、洗衣店、飲料店、西點麵包店等），規定不得免費提供購物用塑膠袋。
【其他選項解析】
(A) 10大類、(B) 12大類、(D) 16大類 皆非我國法規所規範之管制對象類別數。"
18,校內選拔賽,臺灣由哪一個政府部門訂定「農藥殘留容許量標準」，抽查已上市農產品的食品安全，以防止POPs殘留危害人體健康？,衛生福利部,農業部,環境部,經濟部,(A) 衛生福利部,"【正解說明】依據我國《食品安全衛生管理法》，市售已上市農產品與加工食品之衛生安全標準，由主管食品安全的中央主管機關「衛生福利部（食品藥物管理署）」負責訂定「農藥殘留容許量標準（MRL）」並執行後市場安全抽驗。
【其他選項解析】
(B) 農業部：主管農藥之登記許可、田間生產管理與上市前監測。
(C) 環境部：主管環境介質（水、空氣、土壤）污染防制與POPs環境流布。
(D) 經濟部：主管產業、經貿與商業登記。"
19,校內選拔賽,下列何者「不是」飲用水水質標準中物理性之標準項目？,臭度,濁度,硬度,色度,(C) 硬度,"【正解說明】依據我國《飲用水水質標準》，「物理性標準項目」僅包含：臭度（TON）、濁度（NTU）、色度（Pt-Co單位）。「硬度（總硬度）」是水中鈣、鎂等金屬離子濃度的化學指標，屬於「化學性／影響適飲性物質」項目，故(C)不是物理性項目。
【其他選項解析】
(A) 臭度、(B) 濁度、(D) 色度：皆屬於感官或光學物理量測之物理性標準項目。"
20,校內選拔賽,下列關於土石流的敘述，哪一個「錯誤」？,人類不當開發山坡地，會加劇土石流的發生,應在山坡地上多種植根較深的植物，以穩固疏鬆的土石,開發山坡地時，應做好排水系統，才能減緩土石流發生,開發山坡地時，應選擇陡坡，因為其排水系統良好，能夠避免土石流發生,(D) 開發山坡地時，應選擇陡坡，因為其排水系統良好，能夠避免土石流發生,"【正解說明】坡度越陡峭，重力沿坡面的下滑分力越大，在豪大雨浸潤土體時抗滑力大幅下降，極易發生大規模崩塌與土石流；開發陡坡會嚴重破壞地質穩定，因此「選擇陡坡以避免土石流」是完全錯誤的觀念。
【其他選項解析】
(A) 濫伐坡地、開挖坡腳會增加土石流風險，敘述正確。
(B) 種植深根植物能提供深層固土與錨定效果，敘述正確。
(C) 妥善規劃排水系統能迅速引排地表水，降低土體孔隙水壓，敘述正確。"
21,校內選拔賽,下列何者是環境自燃導致森林大火的原因？,高溫及太乾燥所產生的大火,為了土地開發所產生的大火,因為人類在森林留下火種導致大火,飛機墜落引發火災,(A) 高溫及太乾燥所產生的大火,"【正解說明】「環境自燃」是指在無人為引火的情況下，因長時間持續極端高溫、嚴重乾旱及強風，使森林枯枝落葉含水量降至極低，在聚熱或雷擊等自然環境條件下自發燃燒引發大火。
【其他選項解析】
(B) 土地開發整地放火、(C) 遺留煙蒂或營火、(D) 飛機失事：皆屬於「人為直接或人為意外」引起的火災，非自然環境自燃。"
22,校內選拔賽,面臨缺水危機，各水庫蓄水率偏低，政府啟動抗旱行動，從三個面向推動節水措施。以下何者不是節水的面向？,再生水,雨水貯留,海水淡化,抽地下水,(D) 抽地下水,"【正解說明】政府抗旱與多元水資源政策之三大永續面向為：推動「再生水利用」、建置「雨水貯留系統」及開發「海水淡化」。「抽地下水」屬於耗竭型傳統水源取用，過量抽取會引發地層下陷與水質鹽化，並非永續的節水或新興水源面向。
【其他選項解析】
(A) 再生水：將廢水處理純化回收利用，具高度節水效益。
(B) 雨水貯留：收集天然雨水替代非飲用水，減少自來水耗用。
(C) 海水淡化：向大海借水，增加造水備援能力。"
23,校內選拔賽,「在維持基本生活所需，並追求更佳生活品質之同時，降低天然資源與毒性物質之使用及污染物排放，目的在不影響後代子孫權益的消費模式。」是何種消費模式？,在地消費,經濟消費,綠色消費,刺激消費,(C) 綠色消費,"【正解說明】此定義出自聯合國環境規劃署（UNEP）對「綠色消費（Green Consumption / Sustainable Consumption）」之官方定義，核心精神在於兼顧生活品質與生態承載力，減少資源消耗與環境毒性，實現世代正義。
【其他選項解析】
(A) 在地消費：指優先採購本地產品縮短運輸里程，為綠色消費之實踐方式之一，但非該完整定義名詞。
(B) 經濟消費、(D) 刺激消費：屬於經濟商業行銷名詞，未涵蓋環境永續內涵。"
24,校內選拔賽,依據《文化資產保存法》，「自然地景與自然紀念物」也屬於文化資產的一部分。請問負責管理這類文化資產的哪一個中央主管機關？,文化部,衛生福利部,農業部,環境部,(C) 農業部,"【正解說明】依據《文化資產保存法》第4條規定，文化資產主管機關中央為文化部；但其中「自然地景（特殊地形地質）」及「自然紀念物（珍貴稀有動植物、礦物）」之中央主管機關明定為「農業部（林業及自然保育署）」負責管轄。
【其他選項解析】
(A) 文化部：主管有形文化資產（古蹟、歷史建築、考古遺址等）與無形文化資產。
(B) 衛生福利部、(D) 環境部：非《文資法》法定主管機關。"
25,校內選拔賽,啤酒中最重要的發酵微生物是什麼？,鏈球菌,酵母菌,擬桿菌,綠瘤菌,(B) 酵母菌,"【正解說明】啤酒釀造的核心微生物是「酵母菌（Saccharomyces cerevisiae 等啤酒酵母）」，其在無氧條件下進行酒精發酵，將麥汁中的發酵糖轉化為乙醇（酒精）與二氧化碳氣泡，並賦予啤酒獨特風味。
【其他選項解析】
(A) 鏈球菌：多為乳酸發酵或致病菌。
(C) 擬桿菌：常見於人類腸道共生菌群。
(D) 綠瘤菌：為厭氧光合細菌，與啤酒釀造無關。"
26,校內選拔賽,下列何者不是環保標章產品的特性？,可回收,較貴,省資源,低污染,(B) 較貴,"【正解說明】我國「環保標章」的核心理念與三大基本特性為「低污染、省資源、可回收（一片綠葉包裹地球的象徵）」。產品價格並非其定義特性，環保產品亦不必然較貴，故(B)不是環保標章產品之特性。
【其他選項解析】
(A) 可回收 (Recyclable)、(C) 省資源 (Resource-saving)、(D) 低污染 (Low-polluting) 皆為環保標章三大核心法定精神。"
27,校內選拔賽,下列何者屬於點源污染？,施灌肥料,工廠廢水,噴灑農藥,酸雨,(B) 工廠廢水,"【正解說明】「點源污染（Point Source Pollution）」是指污染物質由明確、固定、可辨識的單一排放管道或出水口（如工廠廢水排放口、污水處理廠放流口、煙囪）直接排入環境中，因此「工廠廢水」屬於點源污染。
【其他選項解析】
(A) 施灌肥料、(C) 噴灑農藥、(D) 酸雨：皆屬於大面積散佈、無固定單一排放口的「非點源污染（面源污染）」"
28,校內選拔賽,下列哪一項非我國針對污染防治制定的專門法規？,公害糾紛處理法,廢棄物清理法,空氣污染防制法,水污染防治法,(A) 公害糾紛處理法,"【正解說明】《公害糾紛處理法》是規範公害事件發生後民眾陳情、協調、調處、裁決與損害賠償之「救濟程序法」，並非直接針對特定污染介質訂定管制標準與防治措施的「污染防治專門法規」。
【其他選項解析】
(B) 廢棄物清理法、(C) 空氣污染防制法、(D) 水污染防治法：皆為針對廢棄物、空污、水污等環境介質訂立具體排放標準與管制義務的實體法規。"
29,校內選拔賽,這個國定考古遺址位在宜蘭與花蓮交界處，東側緊鄰太平洋。經歷了新石器時代到金屬器時代的變遷，於蘇花改工程中被發現，出土銅幣、玻璃、瓷器、瑪瑙等，顯示當時海上貿易相當活絡。請問以上敘述的是哪一個考古遺址？,丸山考古遺址,大坌坑考古遺址,Blihun漢本考古遺址,曲冰考古遺址,(C) Blihun漢本考古遺址,"【正解說明】「Blihun漢本考古遺址」位於宜蘭縣南澳鄉與花蓮交界的和平溪北岸，緊鄰太平洋，是在蘇花改公路工程施工時搶救發掘的重要遺址，出土豐富的金屬器、唐宋銅錢、玻璃珠與瑪瑙，證實台灣史前人群熱絡的海上對外交易，現已公告為國定考古遺址。
【其他選項解析】
(A) 丸山考古遺址：位於宜蘭冬山鄉之新石器時代晚期遺址。
(B) 大坌坑考古遺址：位於新北八里，為台灣新石器時代早期代表。
(D) 曲冰考古遺址：位於南投仁愛鄉濁水溪上游的高山史前聚落遺址。"
30,校內選拔賽,當藻類因優養化大量繁殖，夜間常會造成魚類大量死亡的原因為何？,水溫過低,缺乏食物,溶氧不足,酸鹼度過高,(C) 溶氧不足,"【正解說明】水體優養化造成藻類大量暴生（水華現象），在夜間無光照時藻類無法進行光合作用產氧，反而因劇烈呼吸作用大量消耗水中氧氣，加上死亡藻類遭好氧菌分解亦極度耗氧，導致水體夜間嚴重「溶氧不足（缺氧）」，使魚類窒息暴斃。
【其他選項解析】
(A) 水溫過低：優養化與夜間水溫無直接致死關聯。
(B) 缺乏食物：藻類繁殖時浮游有機碎屑豐富，死因非飢餓。
(D) 酸鹼度過高：日間光合作用消耗CO2使pH微升，但夜間魚類集體死亡之直接關鍵殺手為缺氧。"
31,校內選拔賽,下列何者為PM2.5所使用的粒徑單位？,公分(cm),毫米(mm),微米(µm),奈米(nm),(C) 微米(µm),"【正解說明】PM2.5 指空氣動力學當量直徑小於或等於 2.5 微米（µm，1 µm = $10^{-6}$ 公尺）的細懸浮微粒（Fine Particulate Matter），其粒徑專用物理計量單位即為「微米（µm）」
【其他選項解析】
(A) 公分 ($10^{-2}$ m)、(B) 毫米 ($10^{-3}$ m)：尺度過大，屬於肉眼可見尺寸。
(D) 奈米 ($10^{-9}$ m)：為超微粒或奈米材料尺度（直徑小於0.1微米者稱為超細懸浮微粒PM0.1）。"
32,校內選拔賽,與自然萬物和諧共處，以「燒墾游耕」方式放火燒草而不施肥，請問這是哪一族群的傳統農耕技法？,泰雅族,平埔族,西拉雅族,邵族,(C) 西拉雅族,"【正解說明】清代臺灣文獻（如《番社采風圖》及府志記載）詳盡記錄了平埔族群中「西拉雅族（Siraya）」早期的農耕習俗：每年開春前以放火燒草之「燒墾」方式清除雜草，以草木灰為天然肥料而不外加施肥，耕種數年後換地休耕（游耕），順應自然循環。
【其他選項解析】
(A) 泰雅族：高山原住民族，主要於陡峭山地種植小米。
(B) 平埔族：為多個平埔族群之廣泛統稱，題幹精確對應西拉雅族之歷史記載。
(D) 邵族：主要分布於日月潭周邊，以漁撈與水稻水耕為主。"
33,校內選拔賽,下列對於「藍碳」及「碳中和」之敘述何者正確？,藍碳無法儲存碳，不具減碳效益,藍碳可作為碳排放抵換方式之一,藍碳生態系只能產生氧氣，無其他用途,碳中和僅與陸地森林有關，無涉海洋,(B) 藍碳可作為碳排放抵換方式之一,"【正解說明】「藍碳（Blue Carbon）」指由海洋與沿海濕地生態系（紅樹林、鹽沼、海草床）所捕獲並長久封存於沉積物中的碳。經由認證方法學產生的藍碳碳匯，可轉化為碳權作為企業或國家達成碳中和的碳排放抵換方式之一。
【其他選項解析】
(A) 藍碳固碳效率可達陸地森林數倍至數十倍，具高度減碳價值。
(C) 藍碳生態系兼具護岸、防風定砂與維持海洋生物多樣性等多元服務功能。
(D) 碳中和涵蓋陸地與海洋所有可行的減排與增匯途徑。"
34,校內選拔賽,關於社區參與對生態永續發展的影響，下列哪一項敘述最不恰當？,社區參與可以推動有效的生態旅遊，減少對環境的破壞。,社區居民一起參與環境保護，有助於提升社區凝聚力。,社區的聲音可能影響政策的制定與執行。,生態保育應由政府主導，社區配合為宜。,(D) 生態保育應由政府主導，社區配合為宜。,"【正解說明】現代生態保育與永續發展強調「社區參與式治理（Community-based Conservation）」與「社區林業」，倡導在地居民成為主動的守護夥伴由下而上參與決策，而非被動接受政府主導配合；因此(D)的傳統威權主從觀點最不恰當。
【其他選項解析】
(A) 社區參與推動低衝擊生態旅遊能兼顧生計與保育，敘述正確。
(B) 全民參與環保行動有助於提升在地認同感與凝聚力，敘述正確。
(C) 公民知情參與能有效影響並優化公共政策制定，敘述正確。"
35,校內選拔賽,DDT造成生物放大效應的原因為何？,因DDT在生物體內無法分解，在生物體內的濃度隨著食物鏈的階層逐漸增加,因高級消費者體內分解DDT的能力較生產者低,因為較大型的動物偏好捕食具DDT的生物,因DDT使受污染生物的總生物量增大,(A) 因DDT在生物體內無法分解，在生物體內的濃度隨著食物鏈的階層逐漸增加,"【正解說明】DDT 為高度親脂且化學結構極穩定的有機氯農藥，進入生物體後難以被代謝降解。經由食物鏈傳遞時，高階掠食者因大量攝食低階生物，使 DDT 濃度沿著食物鏈階層逐級成倍累積放大，此現象稱為「生物放大作用（Biomagnification）」
【其他選項解析】
(B) DDT 在各級生物體內皆極難分解，非高級消費者分解能力差。
(C) 掠食者捕食是自然隨機行為，不會主動偏好受污染生物。
(D) DDT 具慢性毒性，不會增加生物總量。"
36,校內選拔賽,下列何者是因超抽地下水所導致的狀況？,近海土地鹽化,河川枯竭,土地生產力提高,珊瑚死亡,(A) 近海土地鹽化,"【正解說明】沿海地區過度抽取地下水會導致地下水位急降，使海水倒灌滲入地下含水層，造成地下水及鄰近土壤中鹽分過高，引發嚴重的「近海土地鹽化」及地層下陷等不可逆災害。
【其他選項解析】
(B) 河川枯竭：主要肇因於降雨稀少、氣候乾旱或上游截水。
(C) 土地生產力提高：土壤鹽化與地層下陷會導致農田荒廢，生產力嚴重惡化。
(D) 珊瑚死亡：主要源於海水暖化白化、沉積物覆蓋及陸源污染。"
37,校內選拔賽,宜蘭頭城海邊常常可以看到很多海洋垃圾，縣政府和學校合作，帶領學生們一起去海邊做什麼活動，讓大家更認識環保呢？,舉辦大胃王比賽推廣漁特產品,舉辦淨灘活動，撿拾海廢垃圾,舉辦海上摩托車比賽促進觀光,晚上放煙火慶祝欣賞海邊星空,(B) 舉辦淨灘活動，撿拾海廢垃圾,"【正解說明】學校與政府帶領學生參與「淨灘活動（Beach Cleanup）」，透過實地撿拾、分類與記錄海洋廢棄物（如使用ICC國際淨灘表格），能讓學生深刻體認海廢危機並建立源頭減塑的生活態度。
【其他選項解析】
(A) 大胃王比賽、(C) 海上摩托車（製造噪音與油污）、(D) 放煙火（產生空污與砲屑垃圾）：皆非環保教育活動。"
38,校內選拔賽,環境部推行的「環保集點制度」中，下列哪一個通路不是合作兌換通路？,7-ELEVEN,全家便利商店,家樂福,燦坤3C,(C) 家樂福,"【正解說明】環境部「環保集點」合作實體通路涵蓋四大便利商店（7-ELEVEN、全家、萊爾富、OK）、量販超市（如大潤發、愛買、全聯）及3C家電賣場（燦坤、全國電子）等；在此題庫設定中，「家樂福」非首波公告之實體綠點兌換通路。
【其他選項解析】
(A) 7-ELEVEN、(B) 全家便利商店、(D) 燦坤3C 均為長期合作之重點通路。"
39,校內選拔賽,下列何者非我國「減碳行動計畫」六大部門之一？,住商部門,農業部門,資訊部門,製造部門,(C) 資訊部門,"【正解說明】我國依《氣候變遷因應法》推動之國家溫室氣體減量方案，法定管制的六大減碳行動部門為：**能源、製造、運輸、住商、農業、環境**部門，並無獨立的「資訊部門」，故(C)非六大部門之一。
【其他選項解析】
(A) 住商部門、(B) 農業部門、(D) 製造部門 皆為法定的六大減碳行動部門。"
40,校內選拔賽,哪一個「永續發展目標（SDGs）」與減少污染最有關？,責任消費與生產,經濟發展,消除貧窮,性別平等,(A) 責任消費與生產,"【正解說明】聯合國永續發展目標「SDG 12：責任消費與生產（Responsible Consumption and Production）」之核心指標在於推動資源循環利用、化學品生命週期管理、大幅減少廢棄物產生以及降低對大氣、水與土壤的污染物排放。
【其他選項解析】
(B) 經濟發展（對應SDG 8 良好工作與經濟成長）。
(C) 消除貧窮（對應SDG 1）。
(D) 性別平等（對應SDG 5）。"
41,校內選拔賽,沿海城市預測將受海平面上升與強颱侵襲影響，城市正在規劃「氣候韌性城市」。下列哪一項最符合氣候韌性城市的設計理念？,增加觀光飯店設施,擴大港口貿易容量,廢除氣象預警系統以節省成本,提高防洪堤與綠地滯洪設施,(D) 提高防洪堤與綠地滯洪設施,"【正解說明】「氣候韌性城市（Climate Resilient City）」強調提高城市對極端氣候衝擊的耐受與調適能力。結合工程手段（提高防洪堤防）與自然解方（海綿城市綠地滯洪池、雨水花園），能有效抵禦海平面上升與暴雨淹水衝擊。
【其他選項解析】
(A) 觀光飯店、(B) 港口貿易：屬於經濟開發，未涵蓋氣候調適韌性。
(C) 廢除氣象預警：完全喪失防災應變能力，嚴重危害公共安全。"
42,校內選拔賽,在台灣離島的「海水淡化廠」主要供應對象是？,工業用水,農業用水,民生用水,服務業用水,(C) 民生用水,"【正解說明】澎湖、金門、連江等離島地區因地形狹小、缺乏大河川與大型水庫，天然降雨蓄水不足。因此在離島設置海水淡化廠的最核心任務，是穩定供應當地居民最基本的日常「民生用水」。
【其他選項解析】
(A) 工業用水：在台灣本島（如新竹、麥寮）的海淡廠多供應工業，但在離島則以民生為主。
(B) 農業用水：海淡造水成本高昂，不符農業灌溉之經濟效益。
(D) 服務業用水：非海淡廠設立之主要民生基本保障對象。"
43,校內選拔賽,以下哪一種行為符合『源頭減量』的環保原則？,自帶環保購物袋,多拿幾個塑膠袋,使用塑膠吸管,將垃圾丟棄山區,(A) 自帶環保購物袋,"【正解說明】「源頭減量（Source Reduction）」是指在廢棄物產生之前就採取預防措施。出門自備重複使用的環保購物袋，可直接避免索取與製造新塑膠袋，是源頭減量的最佳典範。
【其他選項解析】
(B) 多拿塑膠袋、(C) 使用塑膠吸管：製造更多一次性塑膠垃圾。
(D) 垃圾丟棄山區：屬於嚴重的環境污染違法棄置行為。"
44,校內選拔賽,依據吃好魚宣言所提出的「海鮮選購三優先」下列何者非優先考量？,國產魚優先,有標章優先,中低階優先,仔稚魚優先,(D) 仔稚魚優先,"【正解說明】永續海鮮「吃好魚宣言」倡導的三大優先原則為：**國產魚優先**（降低食物里程）、**有產銷履歷/永續標章優先**（來源合法透明）、**中低食物鏈階層魚種優先**（如鯖魚、秋刀魚等繁殖力強魚種）。「仔稚魚（如吻仔魚）」是海洋魚類資源繁衍的幼苗，應避免食用，故(D)非優先考量。
【其他選項解析】
(A)、(B)、(C) 均為吃好魚宣言之核心選購原則。"
45,校內選拔賽,以下哪一項不是防治土壤與地下水污染主要關注的場址？,農地,加油站及大型儲油槽,不明廢棄物非法棄置場址,河川堤岸綠地,(D) 河川堤岸綠地,"【正解說明】土壤及地下水污染整治法重點列管的高風險污染潛勢場址包括：易受重金屬污染之「農地」、儲油槽易滲漏之「加油站與大型儲槽」、以及「工廠或非法棄置場址」。「河川堤岸綠地」為一般河岸緩衝植被，非土水法重點列管調查之高風險污染場址。
【其他選項解析】
(A)、(B)、(C) 皆為我國土水污染防治基金會長期監測列管之高風險場址。"
46,校內選拔賽,下列何者是利用垃圾焚化廠處理垃圾的最主要優點？,消除所有毒性,減少原本的垃圾體積,降低空氣污染,簡化處理垃圾的程序,(B) 減少原本的垃圾體積,"【正解說明】垃圾焚化處理最顯著的物理效益，在於透過千度高溫燃燒將有機垃圾轉化為氣體與少量灰渣，使「垃圾體積大幅減縮約 85%~90%，重量減少約 70%~75%」，極大化節省掩埋場土地空間。
【其他選項解析】
(A) 消除所有毒性：焚化過程會產生飛灰、底渣與戴奧辛等需特殊處理之有害物，無法消除所有毒性。
(C) 降低空氣污染：焚化會產生煙氣，需配備高規格排煙脫硫除塵設備。
(D) 簡化程序：焚化廠涉及高科技自動控制與複雜廢氣廢熱回收系統，程序相當嚴密複雜。"
47,校內選拔賽,有關水足跡(water footprint)的概念「不包括」以下哪一項思維？,標示產品製程之耗水量,鼓勵購買使用國外進口的瓶裝水,推動水資源回收再利用及節約用水獎勵機制,推動產業建立節水製程,(B) 鼓勵購買使用國外進口的瓶裝水,"【正解說明】國外進口瓶裝水在水資源開採、塑料包裝製造及長途跨國冷鏈運輸中消耗龐大水資源，具有極高的隱形水足跡與碳足跡，完全違背水足跡減量與永續水資源理念。
【其他選項解析】
(A) 標示產品耗水量：水足跡的核心推廣作法。
(C) 推動水回收與節水獎勵：減少水資源消耗之關鍵策略。
(D) 產業建立節水製程：直接降低工業水足跡。"
48,校內選拔賽,下列何者為泰雅族傳統織布的重要原料？,棉花,亞麻,黃麻,苧麻,(D) 苧麻,"【正解說明】「苧麻（Ramie）」是台灣泰雅族最重要且具代表性的傳統天然編織纖維。泰雅女性透過種植苧麻、剝麻、刮麻、洗麻、曬麻、紡紗、染色等繁複工序，織成精美耐用的泰雅傳統織物與服飾。
【其他選項解析】
(A) 棉花、(B) 亞麻：非台灣高山原住民族傳統原生織布材料。
(C) 黄麻：清代與日治時期廣泛種植於西部平原（如台中南屯）作為麻袋包裝材料。"
49,校內選拔賽,以下哪一種細菌對珊瑚的生長有重要的影響？,鏈黴菌,葡萄球菌,乳酸菌,綠硫菌,(D) 綠硫菌,"【正解說明】在珊瑚共生微生物群系（Coral holobiont）研究中，「綠硫菌（Green Sulfur Bacteria）」等光合自營與硫循環細菌在珊瑚共生菌群的物質代謝、硫元素循環與能量供給中發揮重要的生態調節功能。
【其他選項解析】
(A) 鏈黴菌：為土壤放線菌，常用於提煉抗生素。
(B) 葡萄球菌：常見於動植物體表之機會致病菌。
(C) 乳酸菌：常用於食品發酵與腸道保健。"
50,校內選拔賽,下列何者不是我國永續能源政策綱領的「二高二低」政策原則之一？,低排放,低依賴,高效率,高經濟,(D) 高經濟,"【正解說明】我國《永續能源政策綱領》所訂定之「二高二低」核心原則為：**高效率**（提高能源使用效率）、**高價值**（發展高附加價值綠能產業）、**低排放**（追求淨零減碳與潔淨能源）、**低依賴**（降低對進口化石能源之依賴）。因此四大原則為「高效率、高價值、低排放、低依賴」，其中並無「高經濟」，故(D)為非。
【其他選項解析】
(A) 低排放、(B) 低依賴、(C) 高效率 皆為法定之二高二低原則。"
51,暑期練習7/2,根據《文化資產保存法》，下列何者敘述錯誤？,毀損或移走古蹟，可能判刑並罰錢。,文化資產若損壞，要回復原狀，若無法回復則賠償損害。,國寶或重要古物要出國，需先申請主管機關核准。,公有古物想要複製收藏，為個人行為，政府不會干涉。,(D) 公有古物想要複製收藏，為個人行為，政府不會干涉。,"【正解說明】依據《文化資產保存法》第73條規定，公有古物之複製或再複製，必須經保管機關同意並報請中央主管機關備查，受到嚴格法律規範與授權管制，絕非個人可任意複製收藏或政府不予干涉，故(D)錯誤。
【其他選項解析】
(A) 依文資法第103條，毀損古蹟者處6個月以上5年以下有期徒刑，得併科罰金，敘述正確。
(B) 依文資法第104條，毀損文化資產負有回復原狀或損害賠償之責任，敘述正確。
(C) 依文資法第71條，國寶或重要古物運出國外展覽須經中央主管機關核准，敘述正確。"
52,暑期練習7/2,有關綠建築的概念以下何者錯誤？,在建築淨零的概念中同時包括減少使用碳及減少蘊含碳,使用碳主要來自照明或用電,蘊含碳主要來自建材的製程或原料材質,蘊含碳基本上都是固定的，無論哪種選擇都無法達成溫室氣體的,(D) 蘊含碳基本上都是固定的，無論哪種選擇都無法達成溫室氣體的,"【正解說明】建築「蘊含碳（Embodied Carbon）」指建材原料開採、製造、運輸與施工過程中的碳排。透過採用低碳水泥、再生鋼筋、固碳木構造建材或模組化工法，能顯著降低蘊含碳；因此說「蘊含碳固定、無法減碳」是完全錯誤的觀念。
【其他選項解析】
(A) 建築全生命週期淨零包含營運階段的「使用碳」與建材施工的「蘊含碳」，觀念正確。
(B) 使用碳主要來自建築使用期間的空調、照明及設備用電，敘述正確。
(C) 蘊含碳主要來自水泥、鋼鐵等建材生產製造之碳排放，敘述正確。"
53,暑期練習7/2,下列關於土石流的防災方法，何者有誤？,建造擋土牆,疏通排水系統,避開災害敏感區,廣泛種植淺根系植物,(D) 廣泛種植淺根系植物,"【正解說明】淺根系植物（如檳榔、淺根草）根系無法深入岩層提供錨定與固土抓地力，豪雨時表土吸水飽和反而易隨淺根滑落；山坡地水土保持應優先種植「深根系原生喬灌木」，故(D)為錯誤做法。
【其他選項解析】
(A) 建造擋土牆：提供機械支撐以穩定坡腳。
(B) 疏通排水系統：及時引導地表逕流，防止水壓過高引發滑坡。
(C) 避開災害敏感區：落實非工程避災與土地使用分區管制。"
54,暑期練習7/2,為減少一次性用品浪費，環境部公告「一次用旅宿用品限制使用對象及實施方式」，旅宿業及其他住宿業者不得提供容量小於多少的盥洗或保養用品？,180mL,200mL,220mL,240mL,(A) 180mL,"【正解說明】依據環境部公告之「一次用旅宿用品限制使用對象及實施方式」，旅宿業者不得於客房內提供容量小於「180毫升（180mL）」的液態盥洗及保養用品（洗髮乳、沐浴乳、潤髮乳、乳液等小瓶裝備品），應改為大瓶壁掛式補充容器。
【其他選項解析】
(B) 200mL、(C) 220mL、(D) 240mL 皆非我國環保法規公告之標準容量限制值。"
55,暑期練習7/2,什麼原因讓人類不惜造成環境污染，也要開採稀土金屬？,只需少量稀土金屬，即可發電,可以提煉出黃金,為3C產品中不可或缺的材料,可以製成珍貴藥物,(C) 為3C產品中不可或缺的材料,"【正解說明】稀土元素（Rare Earth Elements）具備優異的光、電、磁學物理特性，是智慧型手機、半導體晶片、顯示器、電動車馬達、風力發電機等「現代 3C 與高科技綠能產業」不可替代的關鍵核心戰略原料。
【其他選項解析】
(A) 稀土金屬無法直接單獨發電（需做成發電機組件）。
(B) 稀土元素無法提煉出黃金（金為獨立化學元素Au）。
(D) 稀土元素之戰略價值主要在工業與電子科技領域，非製藥。"
56,暑期練習7/2,下列何者為PM2.5所使用的粒徑單位？,公分(cm),毫米(mm),微米(µm),奈米(nm),(C) 微米(µm),"【正解說明】PM2.5 指懸浮在大氣中粒徑小於或等於 2.5 微米（µm）的細懸浮微粒，其標準物理粒徑單位為「微米（µm）」
【其他選項解析】
(A) 公分 ($10^{-2}$ m)、(B) 毫米 ($10^{-3}$ m) 尺度過大；(D) 奈米 ($10^{-9}$ m) 尺度過小。"
57,暑期練習7/2,酵母菌在沒有氧氣的環境下，會將糖分轉換為哪兩種物質？,氧氣和二氧化碳,酒精和二氧化碳,酒精和水,二氧化碳和乳酸,(B) 酒精和二氧化碳,"【正解說明】酵母菌在無氧環境下進行「酒精發酵（Alcoholic fermentation）」，將葡萄糖等糖類分子分解代謝轉化為「酒精（乙醇，$	ext{C}_2	ext{H}_5	ext{OH}$）」和「二氧化碳（$	ext{CO}_2$）」，並釋放生長所需能量。
【其他選項解析】
(A) 酵母菌發酵不會產生氧氣。
(C) 水是有氧呼吸之產物，無氧發酵產生酒精與二氧化碳。
(D) 生成乳酸的是乳酸菌之乳酸發酵，非酵母菌。"
58,暑期練習7/2,如果想了解臺灣是如何保護環境的，應該找哪一個政府單位？,農業部,環境部,教育部,衛生福利部,(B) 環境部,"【正解說明】我國主管全國環境保護、污染防制、氣候變遷因應、資源循環及環境教育政策之中央最高行政主管機關為「環境部（Ministry of Environment）」。
【其他選項解析】
(A) 農業部：主管農林漁牧生產與自然保育。
(C) 教育部：主管全國學校與學術教育事務。
(D) 衛生福利部：主管全民衛生保健與社會福利。"
59,暑期練習7/2,下列何者是目前臺灣生物資源遭受威脅的主因之一？,生物因天擇被淘汰,因原生生物彼此競爭大，導致物種減少,土地過度開發或不當利用,遭到天敵捕獵,(C) 土地過度開發或不當利用,"【正解說明】目前台灣與全球生物多樣性面臨的最大危機為「棲地喪失與破碎化」，都市擴張、山坡地濫墾、海岸水泥化等「土地過度開發與不當利用」，直接摧毀了野生動植物的繁衍與生存棲地。
【其他選項解析】
(A) 自然天擇、(B) 原生生物自然競爭、(D) 天敵捕食 皆屬於生態系自然演化與能量平衡機制，非物種瀕危滅絕之主因。"
60,暑期練習7/2,下列何者非我國「減碳行動計畫」六大部門之一？,住商部門,農業部門,資訊部門,製造部門,(C) 資訊部門,"【正解說明】我國溫室氣體減量行動方案所涵蓋之六大部門為：**能源、製造、運輸、住商、農業、環境**部門。其中並無獨立設置之「資訊部門」，故(C)非六大部門之一。
【其他選項解析】
(A)、(B)、(D) 皆屬於法定的六大減碳行動部門。"
61,暑期練習7/2,「可再生能源」是指由各種可持續補充的自然資源(包括日光、風、雨、潮汐、地熱等)中取得的能源型式。下列與可再生能源有關的敘述，何者錯誤？,太陽輻射的能量是由其內部的核能轉換而來,風力發電需要設置在合適的地點，才能有效運作,地熱能危險性太高，不適合做為常態使用的能源型式,潮汐之所以可以提供能量，是源自太陽與月球對海水的引力作用,(C) 地熱能危險性太高，不適合做為常態使用的能源型式,"【正解說明】地熱能（Geothermal Energy）是利用地球內部天然熱能發電的成熟潔淨能源，不受日夜與天候影響，能24小時穩定運轉作為基載電力，在冰島、菲律賓、美國及台灣宜蘭清水地熱皆常態商轉，並無危險性過高而不適合常態使用的問題，故(C)錯誤。
【其他選項解析】
(A) 太陽能量來自內部氫核融合成氦的核融合反應，敘述正確。
(B) 風力發電需建於風場穩定、風速充足之適當區域（如台灣海峽離岸風場），敘述正確。
(D) 潮汐主要源於月球與太陽對海水的萬有引力引潮力，敘述正確。"
62,暑期練習7/2,購買哪一項產品最符合低碳飲食的做法？,高級進口和牛,在地當季新鮮高麗菜,香甜誘人杯子蛋糕,好吃美味起司披薩,(B) 在地當季新鮮高麗菜,"【正解說明】「低碳飲食（Low-carbon Diet）」的三大原則為：1. 多蔬食少肉類（蔬菜碳排遠低於肉類）；2. 選用在地食材（縮短運輸食物里程）；3. 選用當季食材（減少溫室與長途冷藏耗能）。因此「在地當季新鮮高麗菜」最符合低碳原則。
【其他選項解析】
(A) 高級進口和牛：牛肉反芻產生大量甲烷且跨國冷鏈運輸碳排極高。
(C) 杯子蛋糕、(D) 起司披薩：高度精緻加工食品且含有高碳排乳製品。"
63,暑期練習7/2,下列何者是環境自燃導致森林大火的原因？,高溫及太乾燥所產生的大火,為了土地開發所產生的大火,因為人類在森林留下火種導致大火,飛機墜落引發火災,(A) 高溫及太乾燥所產生的大火,"【正解說明】環境自燃是指在極端高溫、長期乾旱的氣候條件下，林木與枯枝落葉含水量極低，經自然聚熱或乾雷擊引發的自然火災。
【其他選項解析】
(B)、(C)、(D) 皆屬於人為刻意開發、疏忽或事故引起的火災，非自然環境自燃。"
64,暑期練習7/2,為什麼每個人都應該參與減緩氣候變遷的行動？,因為氣候變遷只影響其他國家,個人行動無法改變氣候變遷,每個人的小行動累積起來可以帶來正面改變,氣候變遷只需要政府處理，和人民無關,(C) 每個人的小行動累積起來可以帶來正面改變,"【正解說明】氣候變遷衝擊全人類生存，每個人的日常消費與生活型態（如節電、搭乘大眾運輸、源頭減塑）匯聚起來能形成龐大的減碳力量，並促使產業加速綠色轉型。
【其他選項解析】
(A) 台灣為海島型氣候，極端氣候衝擊顯著。
(B) 個人行動與綠色消費能直接引導市場與減碳成效。
(D) 對抗氣候變遷需政府、企業與全體公民共同攜手行動。"
65,暑期練習7/2,大家一起種樹綠化環境，下列哪一項不是種樹的好處？,增加土壤的吸水力,調節濕度,產生落葉，造成髒亂,吸收空氣中的二氧化碳,(C) 產生落葉，造成髒亂,"【正解說明】樹木落葉是自然生態物質循環與養分回歸土壤的重要歷程，並非種樹的「好處」，且將落葉視為髒亂是負面刻板印象，故(C)不是種樹的好處。
【其他選項解析】
(A) 樹木根系使土壤疏鬆，增加水源涵養與吸水力。
(B) 植物蒸散作用能有效調節局部微氣候濕度。
(D) 光合作用吸收二氧化碳並固碳於木質部，具備重要碳匯功能。"
66,暑期練習7/2,最近新聞常常報導台灣天氣變得越來越奇怪，有時候好久不下雨，有時候又下大暴雨。根據113年的國家氣候變遷科學報告，台灣政府應該加強哪方面的準備來應對這些極端天氣呢？,建立防災應變和調適的政策,多舉辦一些大型煙火慶典,鼓勵大家多吹冷氣降溫消暑,禁止種植樹木以免落葉太多,(A) 建立防災應變和調適的政策,"【正解說明】面對氣候變遷帶來的極端旱澇威脅，我國國家氣候變遷科學報告指出，政府應積極建立健全的「氣候調適（Climate Adaptation）政策與早期預警防災應變體系」，提高水資源管理與國土防洪抗旱之耐受力。
【其他選項解析】
(B) 煙火慶典造成空污與排碳，對防災毫無助益。
(C) 濫吹冷氣增加電力消耗與排碳，加劇溫室效應。
(D) 禁止種樹破壞水土保持與碳匯能力，觀念荒謬。"
67,暑期練習7/2,每逢秋、冬季節，臺灣各個河口形成賞鳥最佳地點。若要欣賞大量「黑面琵鷺」過冬景象，以下何處最有機會？,高屏溪口,大甲溪口,曾文溪口,淡水河口,(C) 曾文溪口,"【正解說明】台南「曾文溪口（台江國家公園及七股黑面琵鷺野生動物保護區）」擁有廣大的紅樹林、泥灘地與廢棄鹽田，是國際瀕危鳥類「黑面琵鷺」全球最重要的度冬棲息地，每年秋冬均有上千隻在此停棲過冬。
【其他選項解析】
(A) 高屏溪口、(B) 大甲溪口、(D) 淡水河口 雖為重要濕地，但全球黑面琵鷺最主要的度冬大本營位於台南曾文溪口。"
68,暑期練習7/2,有關省水標章的描述，以下何者不正確？,標章中的箭頭向上，代表將中心的水滴接起，強調回收再利用,右邊的三條水帶代表著愛水、節水、親水，鼓勵民眾愛護水資源,省水標章只有藍色一種顏色，若看到金色的標章代表是偽造的標章,貼有省水標章的器材與一般傳統器材相比，表示可以節省一半以上的用水量,(C) 省水標章只有藍色一種顏色，若看到金色的標章代表是偽造的標章,"【正解說明】我國經濟部水利署推行的「省水標章」分為兩個等級：「普級省水標章（藍色標章）」與節水效益更高的「金級省水標章（金色標章）」。因此金色標章代表最高節水標準，並非偽造，故(C)不正確。
【其他選項解析】
(A) 標章箭頭向上接起水滴象徵珍惜與回收，意涵正確。
(B) 圖案右側三條水帶代表「愛水、親水、節水」，意涵正確。
(D) 省水標章器材透過水力設計優化，能較傳統器材大幅節省用水，敘述正確。"
69,暑期練習7/2,依《事業廢棄物再利用管理辦法》，核發之許可文件期限最長為幾年？,2年,3年,5年,10年,(B) 3年,"【正解說明】依據我國《事業廢棄物再利用管理辦法》第17條規定，主管機關核發之事業廢棄物個案再利用或通案再利用許可文件，其有效期限最長為「3年」；期限屆滿若需繼續再利用，應於期限屆滿前依法申請展延。
【其他選項解析】
(A) 2年、(C) 5年、(D) 10年 皆非我國事業廢棄物再利用管理辦法所規定之最長許可期限。"
70,暑期練習7/2,如廁後將衛生紙直接丟入馬桶沖掉，無法減少下列哪項環境衛生問題？,減少蚊蠅孳生,減少如廁舒適,減少細菌或傳染病傳播,減少廁所異味,(B) 減少如廁舒適,"【正解說明】將衛生紙直接丟入馬桶沖掉可保持廁間潔淨無臭，實質上是「提升」如廁舒適度；「減少如廁舒適」並非環境衛生問題且邏輯反向，故為正確答案。
【其他選項解析】
(A)、(C)、(D) 都是將沾染穢物的衛生紙留置垃圾桶所衍生的蚊蠅、病菌散播與臭味問題，直接丟馬桶沖走能有效「減少」上述衛生問題。"
71,暑期練習7/2,DDT造成生物放大效應的原因為何？,因DDT在生物體內無法分解，在生物體內的濃度隨著食物鏈的階層逐漸增加,因高級消費者體內分解DDT的能力較生產者低,因為較大型的動物偏好捕食具DDT的生物,因DDT使受污染生物的總生物量增大,(A) 因DDT在生物體內無法分解，在生物體內的濃度隨著食物鏈的階層逐漸增加,"【正解說明】DDT 為難分解且具高度親脂性的持久性有機污染物（POPs）。生物攝入後難以代謝排出並積蓄於脂肪中，經由食物鏈層層累積傳遞，使頂級掠食者體內的化學物質濃度呈倍數劇烈增加，此即生物放大效應機制。
【其他選項解析】
(B)、(C)、(D) 皆非生物放大作用之科學成因。"
72,暑期練習7/2,下列關於土石流的敘述，哪一個「錯誤」？,人類不當開發山坡地，會加劇土石流的發生,應在山坡地上多種植根較深的植物，以穩固疏鬆的土石,開發山坡地時，應做好排水系統，才能減緩土石流發生,開發山坡地時，應選擇陡坡，因為其排水系統良好，能夠避免土石流發生,(D) 開發山坡地時，應選擇陡坡，因為其排水系統良好，能夠避免土石流發生,"【正解說明】陡坡受重力沿坡面分力影響，抗滑穩定度極低，在大雨時極易崩塌引發土石流；開發陡坡是觸發土石流的最危險行為，故(D)為錯誤敘述。
【其他選項解析】
(A)、(B)、(C) 均為正確之山坡地保育與土石流防治常識。"
73,暑期練習7/2,當藻類因優養化大量繁殖，夜間常會造成魚類大量死亡的原因為何？,水溫過低,缺乏食物,溶氧不足,酸鹼度過高,(C) 溶氧不足,"【正解說明】夜間無光照時藻類無法進行光合作用產氧，反而因大量呼吸作用消耗水體中的氧氣，加上海量死亡藻類腐敗時好氧微生物劇烈耗氧，造成水體嚴重「溶氧不足」，使魚類窒息死亡。
【其他選項解析】
(A) 水溫、(B) 食物、(D) 酸鹼度 皆非優養化夜間魚類集體死亡的主因。"
74,暑期練習7/2,面臨缺水危機，各水庫蓄水率偏低，政府啟動抗旱行動，從三個面向推動節水措施。以下何者不是節水的面向？,再生水,雨水貯留,海水淡化,抽地下水,(D) 抽地下水,"【正解說明】政府抗旱與永續新興水源之三大面向為：推動再生水、雨水貯留利用及海水淡化；「抽地下水」會消耗地下含水層並可能導致地層下陷與水質鹽化，並非永續節水面向。
【其他選項解析】
(A)、(B)、(C) 皆為國家推動多元水資源與節水之三大重點面向。"
75,暑期練習7/2,關於環境危害的對應，下列何者正確？,游離輻射—物理性危害,振動—生物性危害,噪音—化學性危害,過敏—物理性危害,(A) 游離輻射—物理性危害,"【正解說明】游離輻射（如X射線、伽馬射線）以電磁波或高能粒子形式傳遞能量，屬於標準的「物理性環境危害」。
【其他選項解析】
(B) 振動屬於物理性危害；(C) 噪音屬於物理性危害；(D) 過敏屬於生物或化學致敏因子引發之生理病理反應。"
76,暑期練習7/2,下列何者不是設置空氣品質淨化區的基本理念？,藉由植物的生理特性來減少塵埃與懸浮微粒,提供單一物種的生存環境,減緩廢棄物、噪音、水污染等人為環境污染,提供生態模擬及生態教育的場所,(B) 提供單一物種的生存環境,"【正解說明】空淨區強調營造豐富原生樹種與複層綠化以提升生態穩定度與「生物多樣性」，並非提供「單一物種」環境，故(B)不是其理念。
【其他選項解析】
(A)、(C)、(D) 皆為空淨區兼具之淨化空氣、緩衝減噪及環境教育功能。"
77,暑期練習7/2,在臺灣本島的「海水淡化廠」主要供應的對象是？,民生用水,農業用水,工業用水,服務業用水,(C) 工業用水,"【正解說明】在台灣本島（如新竹海淡廠、台塑麥寮海淡廠及規劃中的台南海淡廠），由於海淡造水成本高昂，政策規劃上主要作為乾旱時期確保高科技產業與關鍵製造業產線不斷水的「工業用水」備援水源。
【其他選項解析】
(A) 民生用水：台灣本島平時民生用水以水庫與地面水為主（海淡廠在「離島」才以民生為主）。
(B) 農業用水：海淡成本過高，不適合作為農業灌溉。
(D) 服務業用水：非本島海淡廠專案供應之主要標的。"
78,暑期練習7/2,風力推動風機葉片轉動，過程中會先產生哪種能量，最後再透過發電機轉換成電能？,光能,機械能,熱能,聲能,(B) 機械能,"【正解說明】風力推動風機葉片旋轉，將空氣流動的動能轉換為轉軸旋轉的「機械能（動能）」，最後再經由發電機透過電磁感應轉換為「電能」。
【其他選項解析】
(A) 光能：太陽能發電之中間形式。
(C) 熱能：火力或地熱發電之熱力循環能量。
(D) 聲能：運轉時的微量噪音，非發電轉換過程之能量形式。"
79,暑期練習7/2,下列哪一項非我國針對污染防治制定的專門法規？,公害糾紛處理法,廢棄物清理法,空氣污染防制法,水污染防治法,(A) 公害糾紛處理法,"【正解說明】《公害糾紛處理法》是公害爭議發生後的調解、調處與損害賠償處理程序法，非直接規範特定污染介質排放管制標準的實體法規。
【其他選項解析】
(B)、(C)、(D) 皆為三大核心污染防治法規。"
80,暑期練習7/2,哪一種日常通勤方式碳排放最少？,走路或騎腳踏車,搭乘捷運或公車,使用電動機車,駕駛私人汽車,(A) 走路或騎腳踏車,"【正解說明】「走路或騎乘傳統自行車」完全依靠人體體能驅動，在通勤運轉過程中「零化石燃料消耗、零直接溫室氣體排放」，為碳排放最少之綠色運輸方式。
【其他選項解析】
(B) 捷運/公車：人均碳排雖低但仍消耗電能或燃油。
(C) 電動機車：運轉耗電，電網端仍有發電碳排。
(D) 私人汽車：人均碳排最高之交通工具。"
81,暑期練習7/2,「潮汐發電」的發電原理為何？,利用海水的溫差,利用海水的波動,利用海流的流動,利用海水的水位差,(D) 利用海水的水位差,"【正解說明】「潮汐發電（Tidal Power）」是在海灣興建水壩閘門，利用潮汐漲落所產生的「海水水位差（位能落差）」引水衝擊水輪發電機組產生電能。
【其他選項解析】
(A) 海水溫差：為海洋溫差發電（OTEC）。
(B) 海水波動：為波浪發電（Wave Power）。
(C) 海流流動：為海流/洋流發電（Ocean Current Power）。"
82,暑期練習7/2,高雄市在颱風期間發生嚴重淹水，分析發現許多排水系統堵塞。哪一項政策有助於減少此類問題？,建築物越蓋越高，以免淹水,"廢除公園與綠地,以減少落葉",強化城市排水與綠基礎建設,鼓勵通勤者使用機車通勤,(C) 強化城市排水與綠基礎建設,"【正解說明】解決都市暴雨積淹水問題，必須落實雨水下水道清淤疏濬，並強化「綠基礎設施（Green Infrastructure）」（如生態滯洪池、透水鋪面、海綿城市水綠網絡），提升雨水逕流吸納與防洪韌性。
【其他選項解析】
(A) 建築加高無法解決全區道路淹水與民生災情。
(B) 廢除綠地會使地表全面不透水化，導致更嚴重的地表暴雨逕流。
(D) 使用機車與都市防洪排水毫無關聯。"
83,暑期練習7/2,微生物在人體內數量最多的地方是在哪裡？,口腔,皮膚,腸道,鼻腔,(C) 腸道,"【正解說明】人體微生物群系（Microbiome）絕大部分棲居於消化系統，特別是「腸道（大腸/結腸）」。人體腸道內估計有數十兆至上百兆個微生物，佔整個人體共生微生物總數的 90% 以上，對營養消化吸收與免疫調節至關重要。
【其他選項解析】
(A) 口腔、(B) 皮膚、(D) 鼻腔 雖亦有共生菌群，但菌量與多樣性遠少於腸道。"
84,暑期練習7/2,何年在比利時發生「戴奧辛雞事件」，因含戴奧辛的機油混入500公噸飼料，導致大量雞、豬、牛遭撲滅？,1995,1999,2012,2015,(B) 1999,"【正解說明】西元「1999年」，比利時發生震驚全球的「戴奧辛雞與肉品污染事件」，肇因於含有多氯聯苯與戴奧辛的回收工業油遭混入動物飼料油脂中，造成大量家禽家畜污染並引發全球性肉品下架與大規模撲殺。
【其他選項解析】
(A) 1995、(C) 2012、(D) 2015 皆非該歷史重大食品安全事件發生之年份。"
85,暑期練習7/2,水庫淤積導致蓄水容量下降，應採取哪一項措施以恢復其蓄水功能？,利用人造雨提升蓄水量,提高抽水量以應對需求,定期進行泥沙清淤作業,興建新的水庫以取代原有水源,(C) 定期進行泥沙清淤作業,"【正解說明】水庫蓄水容積萎縮主因是上游沖刷沉積的泥沙，要恢復既有水庫的有效庫容，最根本且直接的工程手段為「定期進行泥沙清淤作業」（如抽泥船水力抽砂、機械陸挖及水力防淤排砂隧道）。
【其他選項解析】
(A) 人造雨無法清除已沉積之泥沙。
(B) 提高抽水量會加速水庫枯竭，無法解決淤積。
(D) 新建水庫面臨環境破壞與選址困難，非優先維護方案。"
86,暑期練習7/2,針對河川污染問題，以下哪一項做法最符合永續發展的整治策略？,倒入消毒水殺菌,以用水泥鋪設保護堤岸,拔除水中植物淨化水質,建設人工濕地進行自然淨化,(D) 建設人工濕地進行自然淨化,"【正解說明】「建設人工濕地（Constructed Wetland）」屬於自然解方（NbS），透過水生植物、基質填料與微生物共生系統，利用自然生物降解與吸收作用去除水中有機物與重金屬，兼顧水質淨化與生態棲地復育。
【其他選項解析】
(A) 倒入消毒水會毒殺河川原有水生生態系。
(B) 全面水泥化（三面光）摧毀水陸交錯帶生態與河川自淨力。
(C) 拔除水生植物會喪失植物吸收氮磷營養鹽之自淨功能。"
87,暑期練習7/2,「在維持基本生活所需，並追求更佳生活品質之同時，降低天然資源與毒性物質之使用及污染物排放，目的在不影響後代子孫權益的消費模式。」是何種消費模式？,在地消費,經濟消費,綠色消費,刺激消費,(C) 綠色消費,"【正解說明】此為聯合國推動「綠色消費（Green Consumption）」之標準核心定義，強調追求生活品質時兼顧環境保護與世代正義。
【其他選項解析】
(A) 在地消費、(B) 經濟消費、(D) 刺激消費 均非此定義之完整專有名詞。"
88,暑期練習7/2,下列何者是土石流的特徵？,表面流速慢，下面流速快,表面流速快，下面流速慢,泥沙濃度低,衝擊力不大,(B) 表面流速快，下面流速慢,"【正解說明】土石流為高濃度固液兩相流體。流動時底部受河床邊界摩擦力阻礙流速較慢，而頂部與表面受摩擦力小且承載大塊石滾動前進，表現出「表面流速快、下面流速慢」之特徵。
【其他選項解析】
(A) 與土石流實際物理流況相反。
(C) 泥沙濃度低：土石流泥沙石塊濃度極高（常佔總體積50%以上）。
(D) 衝擊力不大：土石流夾帶巨石高速奔流，具毀滅性之強大衝擊力。"
89,暑期練習7/2,國際「世界水資源日」係指每年的哪一天？,2月28日,3月22日,4月20日,6月5日,(B) 3月22日,"【正解說明】聯合國大會決議將每年的「3月22日」訂為「世界水資源日（World Water Day）」。
【其他選項解析】
(A) 2/28和平紀念日；(C) 4/20非主要環保日；(D) 6/5為世界環境日。"
90,暑期練習7/2,根據世界衛生組織（WHO）數據，2024年全球登革熱病例約有82%集中於哪個國家？,巴西,中國,印度,泰國,(A) 巴西,"【正解說明】受氣候暖化與聖嬰現象加劇影響，2024年美洲爆發歷史性登革熱大流行。世界衛生組織（WHO）統計數據顯示，2024年全球通報之登革熱病例中約有82%高度集中於「巴西（Brazil）」
【其他選項解析】
(B) 中國、(C) 印度、(D) 泰國 雖有登革熱疫情，但病例規模遠不及2024年巴西通報之數百萬病例。"
91,暑期練習7/2,「位於凹岸的村落因河岸持續地退縮而被迫遷村。」文中所述的河岸地退縮現象，主要是哪一種河流作用所形成？,磨蝕,溶蝕,吹蝕,侵蝕,(D) 侵蝕,"【正解說明】河道彎曲處之凹岸因承受主流線與離心力強烈沖刷，流速快且「侵蝕作用」劇烈，導致河岸邊坡持續崩落退縮。
【其他選項解析】
(A) 磨蝕為侵蝕作用之微觀機制；(B) 溶蝕為石灰岩溶解地形；(C) 吹蝕為風力地形作用。"
92,暑期練習7/2,針對防災四階段來說，下列何者屬於「復原」(Recovery)的措施？,重建公共建設,災民的收容與撤離,防止二次災害發生,擬定疏散避難演練,(A) 重建公共建設,"【正解說明】災害防救管理四大階段為：減災、整備、應變、復原。「重建公共設施、災後基礎設施修復、產業復甦與生活重建」屬於災後長期推動的「復原（Recovery）」階段措施。
【其他選項解析】
(B) 災民收容與撤離：屬於災時「應變」階段。
(C) 防止二次災害發生：主要屬於災時緊急「應變」措施。
(D) 擬定疏散演練：屬於平時的「整備」階段。"
93,暑期練習7/2,根據影片內容，氣候變遷正在影響台灣的自然環境。以下哪一項正確描述了台灣目前面臨的氣候災害？,降雨變得更規律，季節分明,極端天氣變多，例如暴雨、乾旱,雨天會完全消失，一年四季都是晴天,夏天變得很短，冬天越來越寒冷,(B) 極端天氣變多，例如暴雨、乾旱,"【正解說明】依據國家氣候變遷科學報告，台灣受全球暖化影響，氣候災害呈現「降雨日數減少但單次強降雨強度增強、乾旱發生頻率與時間增加」之極端天氣常態化趨勢。
【其他選項解析】
(A) 降雨並未更規律，反而極端不均。
(C) 雨天未消失，而是轉為短延時強降雨。
(D) 暖化趨勢下台灣為「夏季變長、冬季變短偏暖」。"
94,暑期練習7/2,下列何者不屬於二日綠色旅遊行程的必要條件？,環保餐廳/綠食飯桌用餐,環境教育設施場所或生態遊憩場所,搭乘大眾運輸,環保標章旅館住宿,(C) 搭乘大眾運輸,"【正解說明】環境部「綠色旅遊」二日遊標準認證規範中，必備核心要件包含：安排「環境教育設施場所/生態遊憩景點」、於「環保餐廳/綠色友善餐廳」用餐、以及夜宿「環保標章旅館/環保旅店」。交通雖鼓勵搭乘大眾運具或低碳共乘，但在官方認證要件中非強制唯一必備項目，故(C)不屬於強制必要條件。
【其他選項解析】
(A) 環保餐廳、(B) 環教場域、(D) 環保標章旅館 皆為綠色旅遊認證之三大必備據點。"
95,暑期練習7/2,臺灣原住民族在語言和文化上應屬於何種語系？,南島語系,美洲語系,印歐語系,南亞語系,(A) 南島語系,"【正解說明】語言學與人類學研究已確立臺灣原住民族諸語屬於「南島語系（Austronesian language family）」，且臺灣在南島語系演化擴散史上具備最高的語言多樣性，被多數學者視為南島語族的起源地與擴散起點。
【其他選項解析】
(B) 美洲語系：美洲原住民族語言。
(C) 印歐語系：涵蓋歐洲、印伊等多數語言。
(D) 南亞語系：如越南語、高棉語等中南半島語言。"
96,暑期練習7/2,依據吃好魚宣言所提出的「海鮮選購三優先」下列何者非優先考量？,國產魚優先,有標章優先,中低階優先,仔稚魚優先,(D) 仔稚魚優先,"【正解說明】永續海鮮選購三優先原則為「國產魚優先、有標章優先、中低階優先」；「仔稚魚」為海洋魚類繁衍幼苗，應避免捕食，絕非優先考量。
【其他選項解析】
(A)、(B)、(C) 均為正確之海鮮選購三優先準則。"
97,暑期練習7/2,為了達到源頭減量，環境部於112年7月訂定了哪一項限制，並在114年1月1日起正式生效？,旅宿業不得主動提供一次性個人用品。,菜市場不得主動提供塑膠袋給民眾。,網購包裝材料不可使用含聚氯乙烯塑膠材質。,全國飲料店全面禁用一次性塑膠杯。,(A) 旅宿業不得主動提供一次性個人用品。,"【正解說明】環境部於民國112年（2023年）7月公告「一次用旅宿用品限制使用對象及實施方式」，規定自民國114年（2025年）1月1日起正式生效，旅宿業不得在客房內主動提供容量小於180ml之小瓶裝備品，亦不得於營業場所主動陳列一次性個人衛生用品（牙刷、牙膏、梳子、刮鬍刀等）。
【其他選項解析】
(B) 傳統菜市場尚未全面強制禁用塑膠袋。
(C) 網購包裝限制於112年7月1日即已上路實施。
(D) 全國飲料店禁用一次用塑膠杯為各縣市陸續於113年底前實施完畢。"
98,暑期練習7/2,下列何者不是微生物的應用？,用微生物讓泡菜變酸，可保存更久。,應用微生物來發酵麥汁，製作啤酒。,某種微生物可幫助豆科植物吸收空氣裡的氮。,微生物可直接清除空氣中的懸浮微粒。,(D) 微生物可直接清除空氣中的懸浮微粒。,"【正解說明】空氣中的懸浮微粒（如 PM2.5）主要依賴物理重力沉降、植物葉片滯塵吸附或空氣清淨機濾網（HEPA）進行物理過濾；微生物無法在大氣中直接吞噬或清除空氣懸浮微粒，故(D)不是微生物之應用。
【其他選項解析】
(A) 利用乳酸菌發酵製作泡菜抑制雜菌，為食品發酵應用。
(B) 利用酵母菌發酵麥汁釀造啤酒，為經典微生物發酵工業。
(C) 根瘤菌與豆科植物共生進行固氮作用，為農業與生態微生物應用。"
99,暑期練習7/2,關於「省水標章」的說明，下列何者錯誤？,目前省水標章為「自願性標章」，政府鼓勵洗衣機和馬桶等用水器具積極申請。,省水標章分為「普級」和「金級」兩種等級。,標章上的三條水帶代表「愛水、節水、親水」。,用水器具需經過認證檢驗通過，才可獲得省水標章。,(A) 目前省水標章為「自願性標章」，政府鼓勵洗衣機和馬桶等用水器具積極申請。,"【正解說明】依據我國《自來水法》第61條之1規定，自民國107年（2018年）4月1日起，凡於國內販售之洗衣機、馬桶等指定用水器具，已依法強制規定「必須具備省水標章」始得陳列販售，已由自願性改為「強制性標章」，故(A)敘述錯誤。
【其他選項解析】
(B) 省水標章分為普級（藍）與金級（金）兩級，敘述正確。
(C) 三條水帶象徵愛水、親水、節水，敘述正確。
(D) 用水器具須通過檢驗機構合格認證方可獲頒標章，敘述正確。"
100,暑期練習7/2,釩液流電池適合作為什麼用途？,安裝在手機中，讓手機可以用好幾天不用充電。,放在手電筒裡，可以照明更久。,用來儲存太陽能或風力發的電，幫助穩定供電。,電動車的充電電池，因為它安全又能儲電。,(C) 用來儲存太陽能或風力發的電，幫助穩定供電。,"【正解說明】「釩液流電池（Vanadium Redox Flow Battery, VRFB）」具有循環壽命極長（達15,000次以上）、高安全性（水溶液無熱失控起火風險）、儲能容量可擴充等優點；但其能量密度低且體積重量龐大，因此最適合作為大型定置型「電網級儲能系統（Grid-scale ESS）」，用於儲存太陽能與風力發電以削峰填谷、穩定電網供電。
【其他選項解析】
(A) 手機、(B) 手電筒、(D) 電動車：因追求高能量密度與輕巧便攜，皆採用鋰離子電池，不適合體積龐大的釩液流電池。"
101,暑期練習7/6,下列何者是生態敏感地區的重要性？,可以種植農作物,可以建造房屋,提供野生動物棲息地,可以提供大量能源,(C) 提供野生動物棲息地,"【正確答案：C】
解析：
1. 生態敏感地區（Ecologically Sensitive Areas）指具有獨特生態系統、高度生物多樣性、珍稀瀕危物種棲地或脆弱環境承載力的區域。其核心價值與重要性在於提供野生動植物關鍵的棲息、覓食與繁衍空間，維持生態平衡與基因庫多樣性。
2. 選項(A)、(B)、(D)均屬於高密度的人為開發與資源開採利用行為（農業開墾、建築開發、能源開發）。生態敏感區環境脆弱且易受破壞，應受到嚴格管制與保護，避免過度人為干擾。"
102,暑期練習7/6,下列哪個選項「不屬於」石化工業的產品？,塑膠,人造纖維,玻璃,黏著劑,(C) 玻璃,"【正確答案：C】
解析：
1. 玻璃的主要原料為無機矽酸鹽類礦物（如矽砂／二氧化矽、純鹼、石灰石、長石等），經高溫熔融、冷卻固化成型，屬於無機非金屬材料，並非以石油或天然氣為原料衍生之石化產品。
2. 選項(A)塑膠（由石油裂解之乙烯、丙烯等單體聚合而成）、選項(B)人造纖維（如聚酯纖維、尼龍等合成纖維）、選項(D)黏著劑（多數合成膠水原料為石化聚合物樹脂），皆屬於石化工業之下游加工產品。"
103,暑期練習7/6,下列何者為地下水高污染潛勢區？,百貨公司,加油站,電影院,遊樂園,(B) 加油站,"【正確答案：B】
解析：
1. 加油站設有地下儲油槽（UST）及地下輸油管線，長期埋設於地下若因金屬腐蝕、地震龜裂或操作不慎而滲漏，汽柴油中的苯、甲苯、乙苯、二甲苯（BTEX）及總石油碳氫化合物（TPH）會直接滲透土壤並污染地下水層，因此環保法規將加油站列為土壤及地下水高污染潛勢之重點監測對象。
2. 選項(A)百貨公司、(C)電影院、(D)遊樂園主要為商業服務與休閒娛樂場所，產生之廢水多為一般生活污水，且未大量地下儲存高危害性石化燃料，非屬地下水高污染潛勢區。"
104,暑期練習7/6,為鼓勵電子產品繳費責任業者朝物料循環再利用方向設計，環保署自112年7月1日起針對電視機、冷暖氣機、洗衣機、電冰箱、電風扇等物品，優先於產品中添加多少%以上塑膠再生料？,10%,25%,30%,45%,(B) 25%,"【正確答案：B】
解析：
1. 為促進塑膠資源循環及引導業者落實綠色生態設計，環境部（前環保署）自民國112年（2023年）7月1日起實施綠色費率優惠政策，針對電視機、冷暖氣機、洗衣機、電冰箱及電風扇等五大類責任物，若產品添加使用「25%以上」之塑膠再生料，即可申請適用較優惠之回收清除處理費費率（享有綠色費率減免優惠）。
2. 選項(A)10%、(C)30%、(D)45%皆非法定第一階段綠色費率設定之塑膠再生料添加門檻比例。"
105,暑期練習7/6,對於環境荷爾蒙，民眾在自我提升防範方面，專家建議從食物的選擇上進行。請問下列何種防範行為是錯誤的？,多吃原型食物,少吃加工食品,選擇同一攤位的食物,同時挑選不同種類的食材,(C) 選擇同一攤位的食物,"【正確答案：C】
解析：
1. 長期固定向單一攤位或單一產地來源採購食材，若該特定來源的土壤、水質或包裝容器存在環境荷爾蒙（內分泌干擾物）或重金屬污染，將導致毒素在人體內長期持續累積。正確的防範原則應為「分散採購來源、輪替不同攤位與品牌」，以分散食品安全風險。
2. 選項(A)多吃原型食物與選項(B)少吃加工食品：加工食品在製造、包裝及加熱過程中易接觸塑化劑或添加物，原型食物受污染風險較低；選項(D)挑選多種類食材可確保營養均衡並發揮風險分散效果。"
106,暑期練習7/6,下列哪一項「不是」我國訂定「國家氣候變遷調適政策綱領」的原因？,健全與提升國家調適能力,控制國家溫室氣體的排放,降低社會脆弱度,建立我國整合性的運作機制,(B) 控制國家溫室氣體的排放,"【正確答案：B】
解析：
1. 氣候變遷因應策略主要分為兩大主軸：「減緩（Mitigation）」與「調適（Adaptation）」。控制國家溫室氣體排放屬於「減緩」範疇（由溫室氣體減量法規推動）；而「國家氣候變遷調適政策綱領」旨在因應已發生或無可避免之氣候變遷衝擊，提升各領域的適應能力與回復力。
2. 選項(A)健全與提升國家調適能力、(C)降低社會脆弱度、(D)建立我國跨部會整合性運作機制，均為我國制定《國家氣候變遷調適政策綱領》之核心目的與方針。"
107,暑期練習7/6,有關風化作用的敘述，下列哪個選項是「錯誤」的？,海蝕平臺是風化作用所形成,風化作用是大岩石逐漸崩解成小碎塊的過程,在氣候溫暖潮濕的環境當中，岩石容易與水產生化學反應而逐漸鬆軟,風化作用的最終產物為土壤,(A) 海蝕平臺是風化作用所形成,"【正確答案：A】
解析：
1. 海蝕平臺主要是波浪長期對海岸岩石進行劇烈撞擊、掏刷與磨蝕等「侵蝕作用（海蝕作用）」所雕塑出的海崖後退平坦地形，並非以原地的風化作用為主因。
2. 選項(B)物理風化透過熱脹冷縮或冰劈等使大岩石原地崩解；選項(C)化學風化在溫暖潮濕環境下最為旺盛，水與礦物發生水解、氧化等反應使岩石鬆軟；選項(D)岩石經長期風化碎裂後的無機礦物碎屑與有機質混合，最終形成孕育生命的土壤。"
108,暑期練習7/6,目前臺灣用水量比重佔最多的是下列哪一個？,工業用水,農業用水,民生用水,電廠用水,(B) 農業用水,"【正確答案：B】
解析：
1. 根據經濟部水利署水資源統計，臺灣全年水資源利用總量中，「農業用水（含農田灌溉、水產養殖及畜牧）」佔比最高，約占整體總用水量的 70% 左右；民生生活用水約占 20%，工業用水約占 10%。
2. 選項(A)工業用水約占 10%；選項(C)民生用水約占 20%，均低於農業用水；選項(D)發電用水多為冷卻循環或水力發電不耗水排放，非主要消耗端。"
109,暑期練習7/6,因臺灣位於歐亞大陸板塊與菲律賓板塊交界處，地震頻繁，對於地震的應變措施下列何者有誤？,地震發生時應躲在黃金三角處,地震發生時應躲在冰箱旁，確保食物充足,若發生強烈地震應趕緊開門，防止門變形逃不出去,以上皆是,(D) 以上皆是,"【正確答案：D】
解析：
1. 題目所列(A)、(B)、(C)皆為常見的錯誤防震迷思，故「以上皆是」為正確答案：
   - (A) 錯誤：國際及內政部消防署已證實「黃金三角」理論極易受傾倒重物或掉落物直接砸傷，正確應為「趴下（Drop）、掩護（Cover）、穩住（Hold on）」並躲在堅固桌下。
   - (B) 錯誤：地震時大型家電（如冰箱）極易傾倒位移壓傷人，絕非安全避難處。
   - (C) 錯誤：強震劇烈搖晃時移動極易跌倒摔傷或遭掉落物砸傷，應就地掩護，待搖晃停止後再開門逃生。"
110,暑期練習7/6,一般來說，侵襲臺灣的颱風路徑主要受何者影響？,北太平洋洋流,黑潮,北太平洋高壓環流,蒙古高壓環流,(C) 北太平洋高壓環流,"【正確答案：C】
解析：
1. 西北太平洋生成的颱風屬於大型熱帶氣旋，其移動路徑主要受到周圍大尺度導引氣流所牽引，其中最關鍵的主導系統為「太平洋副熱帶高氣壓（北太平洋高壓環流）」。高壓邊緣的氣流走向、強度西伸或東退位置，直接決定颱風是直撲臺灣、偏向日本或朝向華南。
2. 選項(A)北太平洋洋流與(B)黑潮為海洋水文洋流系統，主要提供水溫與熱量能量，非導引大氣路徑的主因；選項(D)蒙古高壓為冬季冷高壓系統，夏季颱風旺季時並不活躍。"
111,暑期練習7/6,PM2.5除了來自於污染源直接排放外，亦可能經由下列哪一項化學反應產生？,光化反應,酸鹼反應,沉澱反應,光合作用,(A) 光化反應,"【正確答案：A】
解析：
1. 細懸浮微粒（PM2.5）可分為直接排放的原生性微粒，以及由氣態前驅物經化學轉化而成的衍生性微粒。工廠與車輛排放之二氧化硫（SO2）、氮氧化物（NOx）及揮發性有機物（VOCs），在大氣中經太陽紫外線照射引發複雜的「光化反應（Photochemical reactions）」，會氧化轉化為硫酸鹽、硝酸鹽與二次有機氣膠等二次 PM2.5。
2. 選項(B)酸鹼反應與(C)沉澱反應非大氣中衍生微粒生成之主要驅動機制；選項(D)光合作用為植物固碳合成養分之生理反應，不產生污染微粒。"
112,暑期練習7/6,壬基酚主要做為工業清潔劑中「非離子型界面活性劑」，另外也用於抗氧化劑、紡織印染助劑、農藥乳化劑等領域，但平常我們接觸的壬基酚，卻更多是從哪裡來的？,食物中,空氣中,土壤中,廢棄物中,(A) 食物中,"【正確答案：A】
解析：
1. 壬基酚（Nonylphenol, NP）排放至水體環境後，因具有高脂溶性與環境持久性，極易被水生生物吸收並經由食物鏈產生生物累積與放大效應。人體日常接觸與攝入壬基酚最主要的途徑即為「飲食（食物中，尤其是水產魚貝類及接觸塑膠包裝之食品）」，飲食暴露佔一般人總攝入量九成以上。
2. 選項(B)空氣中、(C)土壤中、(D)廢棄物中：壬基酚揮發性低，一般民眾日常非直接接觸土壤或工業廢棄物，暴露量極微。"
113,暑期練習7/6,下列哪個水庫主要供應屏東地區的用水？,曾文水庫,牡丹水庫,赤崁水庫,石門水庫,(B) 牡丹水庫,"【正確答案：B】
解析：
1. 牡丹水庫位於屏東縣牡丹鄉四重溪上游，為屏東縣境內最具規模的重要水庫，主要肩負屏東恆春半島及屏南各鄉鎮民生、觀光與農業用水之供水任務。
2. 選項(A)曾文水庫位於嘉義與臺南交界，主要供應嘉南地區用水；選項(C)赤崁水庫為澎湖縣白沙鄉之地下水庫；選項(D)石門水庫位於桃園市，供應北部地區用水。"
114,暑期練習7/6,下列對馬卡道澤蟹的敘述何者錯誤？,常躲在落葉堆或邊坡的土洞裡,在全台都可以看到,在2009年才被判定為新物種,長期生活在獨立的範圍內，很少與其他族群交流,(B) 在全台都可以看到,"【正確答案：B】
解析：
1. 馬卡道澤蟹（Geothelphusa makatao）是臺灣特有種陸封型淡水蟹，分布範圍極度狹隘侷限，主要僅棲息於高雄壽山（柴山）及半屏山一帶石灰岩地質之湧泉溪流與潮濕落葉環境，並非全臺皆能看到。
2. 選項(A)其習性喜好躲藏於石灰岩邊坡土洞或落葉堆中；選項(C)該物種於2009年經學者分子生物與型態鑑定正式發表為新種；選項(D)因壽山地形孤立封閉，族群長期在獨立微生境中繁衍，極少與外界交流。"
115,暑期練習7/6,在酸雨相當嚴重的城市蓋房子，下列何者是不適合的建材？,花崗岩,玄武岩,大理岩,安山岩,(C) 大理岩,"【正確答案：C】
解析：
1. 大理岩為石灰岩經變質作用形成的岩石，主要化學成分為碳酸鈣（CaCO3）。碳酸鈣極易與酸雨中的硫酸或硝酸發生化學溶蝕反應生成硫酸鈣與二氧化碳，導致建築表面剝落、粉化與結構損壞，因此極不適合在酸雨嚴重地區做為外牆建材。
2. 選項(A)花崗岩、(B)玄武岩、(D)安山岩均為火成岩，主要成分為抗酸腐蝕能力強的矽酸鹽類礦物（如石英、長石等），耐酸雨侵蝕能力遠高於大理岩。"
116,暑期練習7/6,下列何項非聯合國永續發展目標SDGs之一？,氣候行動,減少不平等,優質教育,綠色生活,(D) 綠色生活,"【正確答案：D】
解析：
1. 聯合國於2015年宣布的「2030永續發展目標（SDGs）」共包含17項目標。「綠色生活」為我國推動之生活實踐概念，並非聯合國官方17項SDGs目標的正式名稱。
2. 選項(A)氣候行動（Climate Action）為SDG 13；選項(B)減少不平等（Reduced Inequalities）為SDG 10；選項(C)優質教育（Quality Education）為SDG 4。"
117,暑期練習7/6,下列何者對於濕沉降的敘述是「錯誤」？,氣狀污染物隨雨、雪等降下,氣狀污染物經由風力帶至海洋,大氣中污染物質去除的重要機制,自然降雨是濕沉降最重要的機制,(B) 氣狀污染物經由風力帶至海洋,"【正確答案：B】
解析：
1. 污染物經由風力吹送輸送至海洋，屬於大氣污染物的「傳輸或擴散（Transport/Dispersion）」過程，而非藉由水相降水移除的「沉降（Deposition）」，因此「經由風力帶至海洋」不屬於濕沉降。
2. 選項(A)濕沉降定義即大氣中氣態或粒狀污染物溶入雨、雪、霧等降水沉降至地表；選項(C)濕沉降是大氣自淨與清除污染的重要天然機制；選項(D)自然降雨（雨除與雨洗）是濕沉降中最主要的方式。"
118,暑期練習7/6,為處理垃圾爆量問題環境部擬於2023年提出《資源循環促進法》來因應，下列對此法案的敘述何者錯誤？,此法案係將《廢棄物清理法》及《資源回收再利用法》整併,此法案目地在翻轉廢棄物定義，推動資源極大化，廢棄物極小化,此法擬對不具再利用價值的廢棄物，公告為政府責任物，由政府吸收處理費用,此法也會對汙染環境的業者加重其刑責,(D) 此法也會對汙染環境的業者加重其刑責,"【正確答案：D】
解析：
1. 環境部研擬之《資源循環促進法》草案主要聚焦於「資源循環體系建構、翻轉廢棄物定義、推動源頭減量、徵收資源循環促進費」等經濟誘因與制度改革；針對重大環境污染之刑責與處罰，主要仍維持現行環保專法及既有廢棄物清理法框架，並非該法案新設的核心重點。
2. 選項(A)該法旨在將《廢棄物清理法》與《資源回收再利用法》二法合一；選項(B)目標為轉變傳統廢棄物思維，實現資源最大化與廢棄物最小化；選項(C)藉由法定分類與責任物制度設計，建立妥善去化與循環基金機制。"
119,暑期練習7/6,電磁波防治相關法規，是哪一中央機關所制訂及執行？,衛生福利部,行政院環境部,公共工程委員會,勞動部,(B) 行政院環境部,"【正確答案：B】
解析：
1. 在臺灣，針對環境非游離輻射（即民眾日常所稱之環境電磁波、極低頻與射頻電磁場）之防制標準、環境監測與安全暴露建議值，主管機關為「行政院環境部（前行政院環境保護署）」，並由其頒布《限制時變電場、磁場及電磁場曝露指引》。
2. 選項(A)衛福部主管公共衛生與醫療；選項(C)公共工程委員會主管政府採購與工程品質；選項(D)勞動部主管勞工職場工作環境安全，非主管全般環境電磁波防制。"
120,暑期練習7/6,下列臺灣特有種生物中，何者從平地至海拔3千公尺皆有其蹤跡？,臺灣雲豹,臺灣帝雉,臺灣寬尾鳳蝶,臺灣山豬,(D) 臺灣山豬,"【正確答案：D】
解析：
1. 臺灣野豬（臺灣山豬，特有亞種 Sus scrofa taivanus）環境適應力極強，屬雜食性動物，從低海拔平地、丘陵、次生林，一直到海拔3000公尺以上的高山針葉林與箭竹草原均有廣泛分布。
2. 選項(A)臺灣雲豹棲息於中低海拔闊葉林（已宣告滅絕）；選項(B)臺灣帝雉僅棲息於海拔1800~3800公尺的中高海拔原始針闊葉混合林；選項(C)臺灣寬尾鳳蝶主要分布於中海拔1000~2000公尺山區。"
121,暑期練習7/6,下列哪個選項「不是」臺灣現行的環保法規？,野生動物保護法,水污染防治法,噪音管制法,京都議定書,(D) 京都議定書,"【正確答案：D】
解析：
1. 《京都議定書》（Kyoto Protocol）是聯合國氣候變化綱要公約（UNFCCC）架構下通過的「國際多邊氣候條約」，並非由臺灣立法院三讀通過施行的國內法律。
2. 選項(A)野生動物保育法（題幹稱保護法）、(B)水污染防治法、(C)噪音管制法，均為臺灣現行施行之國內環保與生態法規。"
122,暑期練習7/6,關於「北極放大效應」的敘述，何者錯誤？,該效應是指北半球排放之溫室氣體向北竄升，累積在北極的現象,南極也會有「南極放大效應」，但其效果不顯著,該效應使北極附近的溫度變化比地球其他地區的變化都來得大,金星也有該效應，使得金星的兩極與赤道幾乎是等溫,(A) 該效應是指北半球排放之溫室氣體向北竄升，累積在北極的現象,"【正確答案：A】
解析：
1. 「北極放大效應（Arctic Amplification）」是指全球暖化過程中，北極地區的升溫速率顯著高於全球平均水平的現象。其主要機制為「冰雪反照率正回饋」（海冰融化露出深色海水，吸收更多太陽熱能加速融冰與升溫），並非溫室氣體直接向北竄升累積在北極。
2. 選項(B)南極因厚重冰蓋高海拔及繞極洋流阻隔，放大效應遠不如北極顯著；選項(C)正確說明了北極升溫幅度遠大於其他地區；選項(D)金星大氣濃厚且熱對流旺盛，使兩極與赤道呈現幾乎等溫現象。"
123,暑期練習7/6,下列何種法規是目前臺灣沒有特別公告的？,噪音管制法,水污染防治法,振動管制法,環境影響評估法,(C) 振動管制法,"【正確答案：C】
解析：
1. 臺灣目前環保法規體系中，尚未單獨制定專門的《振動管制法》，公害振動多於環境影響評估審查或特定作業指引中附帶評估規範，無獨立之母法。
2. 選項(A)《噪音管制法》、(B)《水污染防治法》、(D)《環境影響評估法》均為臺灣早已制定並正式施行的現行重要環保法律。"
124,暑期練習7/6,基因改造食品可以大量增加作物產量，且無明顯不好的影響，但卻還是很多人反對食用基因改造食品，其原因為何？,成本太高,可能含有一些致敏原，會導致死亡,與非基因改造食品外觀差異大,基因改造食品口感差,(B) 可能含有一些致敏原，會導致死亡,"【正確答案：B】
解析：
1. 反對或質疑基因改造食品（GMO）的核心科學爭議之一，在於外源基因轉殖可能在作物中合成人體未曾經歷的新蛋白質，進而可能引發不可預測的過敏反應（致敏性），對嚴重過敏體質者甚至有引發過敏性休克之風險，引發健康與安全疑慮。
2. 選項(A)基改作物通常能降低農藥與耕作成本；選項(C)與(D)基改食品在外觀與口感上與傳統食品並無顯著差異，非反對之核心論點。"
125,暑期練習7/6,下列哪個選項「不是」海洋的功能？,提供人類食物,再生能源,防洪治水,調節氣溫,(C) 防洪治水,"【正確答案：C】
解析：
1. 「防洪治水」屬於陸域水利工程、天然滯洪濕地或森林水土保持之功能。海洋是全球地表水流匯集的最下游終點，不具備吸收陸域洪水以防洪之功能，沿海低窪地區甚至常面臨暴潮與海嘯淹水威脅。
2. 選項(A)海洋提供豐富的魚貝藻類等蛋白質食物來源；選項(B)海洋蘊藏潮汐能、波浪能、海流能等再生能源；選項(D)海水比熱大並透過洋流輸送熱量，是地球調節氣溫最重要的系統。"
126,暑期練習7/6,在醫院工作因為中央空調系統沒有定期消毒保養而引起醫護人員得到退伍軍人症，是屬於哪種類型的危害？,物理性危害,化學性危害,生物性危害,心理性危害,(C) 生物性危害,"【正確答案：C】
解析：
1. 退伍軍人症（Legionnaires' disease）是由「退伍軍人菌（Legionella pneumophila）」這種細菌所引起的急性呼吸道感染，常滋生於冷卻水塔與空調管線。由細菌、病毒、真菌或寄生蟲等生物病原體所造成的健康危害，屬於「生物性危害（Biological Hazard）」。
2. 選項(A)物理性危害指噪音、振動、極端溫濕度、輻射等；選項(B)化學性危害指毒性化學物質、重金屬、有機溶劑等；選項(D)心理性危害指職場壓力、霸凌與過勞等。"
127,暑期練習7/6,1987年聯合國提出《我們的未來》報告書，其中指出「永續發展」的理念是？,完全禁用氟氯碳化物,滿足當代需求，且不損及後代滿足其需要之發展,2008~2012年達到二氧化碳減量5~8%,各國減少硫化物排出量及削減氮氧化物30%,(B) 滿足當代需求，且不損及後代滿足其需要之發展,"【正確答案：B】
解析：
1. 1987年聯合國世界環境與發展委員會（WCED）發表《我們共同的未來》（Our Common Future，亦稱布倫特蘭報告），為「永續發展（Sustainable Development）」下了經典定義：「既能滿足當代人的需求，又不會損及後代人滿足其自身需求能力的發展」。
2. 選項(A)禁用氟氯碳化物為《蒙特婁議定書》之主旨；選項(C)為《京都議定書》第一承諾期之溫室氣體減量目標；選項(D)為區域長程越界空污協議內容。"
128,暑期練習7/6,因應宜蘭多雨的氣候，下列何者是「宜蘭厝」的建築特色？,平臺式屋頂,拱形屋頂,斜屋頂,圓形屋頂,(C) 斜屋頂,"【正確答案：C】
解析：
1. 宜蘭位處臺灣東北部，受東北季風與地形抬升影響，全年雨日多、雨量豐沛。「宜蘭厝」建築運動強調順應在地氣候，普遍採用「大斜屋頂」與深遠出挑的屋簷設計，以利迅速排洩雨水、防止積水滲漏，並能遮陽擋雨。
2. 選項(A)平臺式屋頂容易積水滲漏，不適應多雨氣候；選項(B)拱形屋頂與(D)圓形屋頂非宜蘭在地風土建築順應多雨的代表特色。"
129,暑期練習7/6,下列哪個選項是酸雨對環境或生物造成的影響？,減緩植物生長,造成水體優養化,使南極上空臭氧洞擴大,造成溫、寒帶的生物棲息地往更高緯度處遷移,(A) 減緩植物生長,"【正確答案：A】
解析：
1. 酸雨會直接腐蝕植物葉片的保護性角質層，妨礙氣孔運作與光合作用；同時酸雨會淋溶流失土壤中的鈣、鎂等養分，並釋放具毒性之游離鋁離子破壞植物根系，導致植物營養不良、生長減緩甚至枯死。
2. 選項(B)水體優養化是由水中過量氮、磷營養鹽引起；選項(C)臭氧洞擴大是由氟氯碳化物（CFCs）破壞臭氧層引起；選項(D)生物棲地往高緯度遷移是全球暖化氣候變遷的後果。"
130,暑期練習7/6,DDT造成生物放大的原因為何？,因食物塔階層愈高，總生物量愈大，DDT累積量也愈高,因高級消費者體內分解DDT的能力較生產者低,因DDT在生物體內無法分解，無法排出,因DDT使受污染生物的總生物量增大,(C) 因DDT在生物體內無法分解，無法排出,"【正確答案：C】
解析：
1. DDT（雙對氯苯基三氯乙烷）是一種極具化學穩定性且具高脂溶性的有機氯殺蟲劑。生物攝入後極難被酵素代謝分解，且不溶於水難以隨尿液排出，長期累積於脂肪組織中，隨著食物鏈層層攝食傳遞，在高階掠食者體內濃度呈現數萬倍放大（生物放大作用）。
2. 選項(A)根據生態金字塔，食物鏈階層愈高，總生物量通常愈小；選項(B)DDT不易被任何生物酵素分解，關鍵在於脂溶累積與無法排出；選項(D)DDT具毒性，不會使生物量增大。"
131,暑期練習7/6,下列何者「不是」土壤自淨作用？,污染物進入土壤後經化學降解變為無毒害物質,利用土壤中的微生物，將污染經由分解或礦化作用使污染物轉換,土壤經過大雨沖刷能將污染物洗掉,土壤中的污染物通過複雜多樣的物理過程，使其濃度降低、毒性減輕,(C) 土壤經過大雨沖刷能將污染物洗掉,"【正確答案：C】
解析：
1. 大雨沖刷僅是透過地表逕流將土壤表面的污染物沖刷搬運至下游水體或海洋，本質上是污染的轉移與擴散，並非土壤本體消除或降低污染物毒性的淨化過程，因此不屬於土壤自淨作用。
2. 選項(A)化學降解（氧化還原、中和）屬於化學自淨；選項(B)微生物生物分解與礦化屬於生物自淨；選項(D)物理吸附、稀釋與揮發屬於物理自淨，皆為標準土壤自淨機制。"
132,暑期練習7/6,中央氣象局對颱風強弱的分類標準，是依據下列哪一項決定的？,颱風中心附近平均的最大風速,颱風地區雲層厚度,颱風中心颱風眼的大小,颱風的暴風直徑,(A) 颱風中心附近平均的最大風速,"【正確答案：A】
解析：
1. 交通部中央氣象署（前中央氣象局）對颱風強度的分類標準，係依據「颱風中心附近之最大平均風速（10分鐘平均風速）」進行分級：
   - 輕度颱風：17.2 ~ 32.6 m/s（8~11級風）
   - 中度颱風：32.7 ~ 50.9 m/s（12~15級風）
   - 強烈颱風：51.0 m/s以上（16級風以上）。
2. 選項(B)雲層厚度與(C)颱風眼大小非強度分類指標；選項(D)暴風直徑（暴風半徑）代表颱風的範圍大小，而非強度強弱。"
133,暑期練習7/6,下列哪種兩棲爬蟲類是臺灣的外來種？,莫氏樹蛙,菊池氏龜殼花,楚南氏山椒魚,巴西烏龜,(D) 巴西烏龜,"【正確答案：D】
解析：
1. 巴西龜（紅耳龜 Trachemys scripta elegans）原產於北美洲密西西比河流域，早期因水族寵物貿易大量引進臺灣，後因民眾任意棄養與放生，在野外池塘河川大量繁衍，成為強勢外來入侵種，嚴重威脅臺灣本土原生澤龜（如斑龜、柴棺龜）的生存。
2. 選項(A)莫氏樹蛙為臺灣特有種兩棲類；選項(B)菊池氏龜殼花為臺灣特有種高山毒蛇；選項(C)楚南氏山椒魚為臺灣特有種冰河孑遺兩棲類。"
134,暑期練習7/6,下列何者「不屬於」公告回收的電子電器物品？,電冰箱,微波爐,洗衣機,電視機,(B) 微波爐,"【正確答案：B】
解析：
1. 依據環境部應回收廢棄物責任物公告，傳統重點公告回收之大型廢電子電器「廢四機」項目包括：電視機、洗衣機、電冰箱及冷暖氣機；微波爐、烤箱、電磁爐等屬於一般小家電（多由地方清潔隊一般資收管道處理，非屬法定繳費補貼之傳統大型廢四機責任物）。
2. 選項(A)電冰箱、(C)洗衣機、(D)電視機均為標準公告列管之廢電子電器回收項目。"
135,暑期練習7/6,臺灣時有山崩發生，下列何者「不是」臺灣山崩的主因？,臺灣地處地殼不穩定處,臺灣山地面積廣，地勢陡峭,地處高溫多雨之地，化學風化物質多,春季雪水多，增加潤滑力,(D) 春季雪水多，增加潤滑力,"【正確答案：D】
解析：
1. 臺灣位處亞熱帶與熱帶氣候區，冬季僅少數3000公尺以上高山短暫降雪，春季積雪極少且融雪量微不足道，並非引發臺灣普遍山崩滑坡之主要機制。
2. 選項(A)地處板塊交界帶、地震頻繁使岩層破碎；選項(B)全島70%為山坡地且地勢起伏陡峻；選項(C)氣候高溫多雨、風化作用強烈且颱風豪雨集中，皆為造成臺灣山崩頻發之關鍵主因。"
136,暑期練習7/6,請問下列何者為澎湖南方四島國家公園的主要特色？,玄武岩地質,亞熱帶海島型,潟湖,沙洲,(A) 玄武岩地質,"【正確答案：A】
解析：
1. 澎湖南方四島國家公園（包含東吉嶼、西吉嶼、東嶼坪嶼、西嶼坪嶼）擁有世界級壯麗的「火山玄武岩」地質地貌，包括發達的柱狀玄武岩海崖、海蝕洞（如西吉嶼藍洞）與海蝕平台，為其最顯著具代表性的天然特色。
2. 選項(C)潟湖與(D)沙洲為台江國家公園（七股潟湖、頂頭額沙洲等）之核心地理景觀。"
137,暑期練習7/6,公害造成損害時，「程度鑑定」主要為了確認下列何者？,何種污染物造成損害,造成損害之污染來源,評估危害程度,以上皆是,(C) 評估危害程度,"【正確答案：C】
解析：
1. 在公害糾紛處理與環境損害鑑定體系中，「程度鑑定（Damage Assessment）」的核心目的在於調查與量化公害事件對人體健康、農漁作物、生態環境或財物所造成之實質「危害程度、損害範圍與受損金額」，作為求償與復育賠償之基準。
2. 選項(A)污染物種類與(B)污染源排放者屬於「原因鑑定/因果關係判定」範疇。"
138,暑期練習7/6,我國2050淨零排放路徑有12項關鍵戰略，其中「淨零綠生活」策略有六大面向，請問下列何者選項不是？,零浪費低碳飲食,友善環境綠時尚,綠色設計源頭減量,使用取代擁有,(C) 綠色設計源頭減量,"【正確答案：C】
解析：
1. 國發會公布之臺灣2050淨零轉型12項關鍵戰略中，「淨零綠生活」之六大推動面向為：零浪費低碳飲食（食）、友善環境綠時尚（衣）、居住品質提升（住）、低碳運輸網絡（行）、永續觀光樂悠遊（育樂）及全民對話／使用取代擁有（購/生活共享）。「綠色設計源頭減量」屬於關鍵戰略八「資源循環零廢棄」之內容，非屬淨零綠生活六大面向。
2. 選項(A)、(B)、(D)皆為淨零綠生活之正式推動面向。"
139,暑期練習7/6,大氣層是保護地球的一大功臣，有關大氣層的重要性，下列何者是「錯誤」的？,可阻擋所有宇宙射線和紫外線的入侵,可幫助地表維持適當的溫度,大氣環流具有調節氣候的功能,可阻擋隕石直接撞地球,(A) 可阻擋所有宇宙射線和紫外線的入侵,"【正確答案：A】
解析：
1. 大氣層（平流層臭氧層）吸收了絕大部分有害的短波紫外線（UV-C及大部分UV-B），但「長波紫外線（UV-A）」仍有95%以上能穿透大氣到達地表；此外部分高能宇宙射線亦能穿透大氣層，因此並非「阻擋所有」射線。
2. 選項(B)天然溫室效應維持地表均溫於適合生物生存之15°C；選項(C)大氣環流輸送赤道熱量至高緯度調節氣候；選項(D)流星體與大氣劇烈摩擦燃燒，阻擋多數隕石撞擊地表。"
140,暑期練習7/6,我們引進臺灣原本沒有的動物以增加生物的種類，會帶來下列何種影響？,增加生物的多樣性,促進生態平衡,提高生物繁殖能力,會使當地原來生物受到攻擊,(D) 會使當地原來生物受到攻擊,"【正確答案：D】
解析：
1. 任意引進非原生之外來動物，若其在缺乏天敵與制約機制的環境中大量繁殖，會演變成強勢外來入侵種，捕食本土原生生物、掠奪食物與棲地資源，甚至傳播外來疾病，直接危害當地原生物種生存。
2. 選項(A)引進外來種雖短期增加名錄物種數，但長期會造成本土特有種滅絕，大幅降低整體生物多樣性；選項(B)破壞既有食物網與生態平衡；選項(C)無法提高本土原生生物的繁殖力。"
141,暑期練習7/6,「根壓」的形成原因為下列哪個選項？,根部在土壤中因泥土的擠壓所造成的壓力,根部接受由葉部運輸來的蔗糖，使根部細胞壓力變大,根部細胞的細胞質濃度比土壤高，導致水的滲透壓差而產生根壓,根部在土壤中與其他植物的根競爭養分所造成的壓力,(C) 根部細胞的細胞質濃度比土壤高，導致水的滲透壓差而產生根壓,"【正確答案：C】
解析：
1. 植物根部細胞透過主動運輸將土壤中的無機鹽礦物質吸收至細胞質與木質部導管中，使得根部細胞質的溶質濃度高於周圍土壤水溶液。藉由滲透作用，水分自低溶質濃度的土壤持續滲透進入根部，在木質部內累積產生向上的靜水壓力，此即為「根壓（Root Pressure）」之成因。
2. 選項(A)泥土物理擠壓、(B)蔗糖在韌皮部之運輸、(D)根系養分競爭，均非植物木質部根壓形成的生理機制。"
142,暑期練習7/6,下列各地出現的主要岩石配對何者錯誤？,鼻頭角:砂岩,火炎山:礫岩,清水斷崖:大理岩,金門:玄武岩,(D) 金門:玄武岩,"【正確答案：D】
解析：
1. 金門島嶼的地質基盤主要由中生代花崗片麻岩與「花崗岩」構成，以壯觀的花崗岩巨石地形聞名；「玄武岩」地質為澎湖群島的代表性岩石，故金門配對玄武岩為錯誤。
2. 選項(A)鼻頭角主要由沉積岩厚層砂岩與頁岩構成；選項(B)苗栗火炎山為典型頭嵙山層厚層礫岩惡地地形；選項(C)花蓮清水斷崖由太魯閣帶變質岩厚層大理岩構成。"
143,暑期練習7/6,環境部公告「一次用旅宿用品限制使用對象及實施方式」規範，旅宿業者不得主動陳列下列何者選項供民眾使用？,水,室內拖鞋,衛生紙,浴帽,(D) 浴帽,"【正確答案：D】
解析：
1. 依據環境部公告之《一次用旅宿用品限制使用對象及實施方式》，旅宿業者不得於客房內主動陳列提供6大類「個人衛生用品」一次性備品（包含梳子、牙刷、牙膏、刮鬍刀、刮鬍膏及浴帽），以及容量小於180毫升之洗沐液態用品。
2. 選項(A)包裝水、(B)室內拖鞋、(C)衛生紙均非該法規列管限制主動陳列之6項個人衛生備品。"
144,暑期練習7/6,水牛在臺灣的開拓史上，扮演著甚麼角色？,風水,畜養,開墾,宗教,(C) 開墾,"【正確答案：C】
解析：
1. 臺灣拓墾歷史中，水牛是先民不可或缺的「農耕役力」。水牛耐濕熱、力大且善於在泥濘水田中行走，主要用來翻土犁田、拉車搬運、整修水利與開墾荒地，是奠定臺灣水田農業基礎最重要的勞動夥伴。
2. 選項(A)風水、(B)單純肉乳畜養、(D)宗教，均非水牛在臺灣拓墾歷史發展中所扮演的核心歷史功能。"
145,暑期練習7/6,下列哪個選項「不屬於」細菌外型的分類之一？,球狀,桿狀,螺旋狀,橄欖球狀,(D) 橄欖球狀,"【正確答案：D】
解析：
1. 微生物學中依細菌的基本形態特徵，主要分為三大基本類型：
   - 球菌（球狀，Coccus）
   - 桿菌（桿狀，Bacillus）
   - 螺旋菌（螺旋狀，Spirillum/Spirochete）
   分類學上並無「橄欖球狀」此一標準細菌形態分類。
2. 選項(A)球狀、(B)桿狀、(C)螺旋狀均為標準細菌形態分類。"
146,暑期練習7/6,下列哪一種微生物長久以來一直被當作水污染的指標生物？,霍亂弧菌,沙門氏桿菌,大腸桿菌,志賀氏桿菌,(C) 大腸桿菌,"【正確答案：C】
解析：
1. 「大腸桿菌群（Escherichia coli / Coliform bacteria）」普遍存在於溫血動物與人類腸道及糞便中，檢驗技術成熟且靈敏。水體中若檢測出大腸桿菌，即代表水體曾受人畜糞便污染，且極可能同時潛藏其他腸道傳染病原體，因此長久以來被廣泛作為水質衛生與水污染監測的標準「指標生物（Indicator Organism）」
2. 選項(A)霍亂弧菌、(B)沙門氏桿菌、(D)志賀氏桿菌均為具體致病菌，檢驗繁複且含量不固定，不適合作為例行常態性水質指標。"
147,暑期練習7/6,「前雷後雨，落不濕土」、「一粒雨擲死一個人」，以上臺灣諺語所形容的降水類型，主要成因是下列哪個選項？,地形抬升,鋒面滯留,熱力對流,強烈低氣壓,(C) 熱力對流,"【正確答案：C】
解析：
1. 這兩句臺灣氣象諺語描寫的是夏季午後典型的雷陣雨（西北雨）。夏季地表強烈吸收太陽輻射，近地面空氣受熱劇烈膨脹上升，引發強烈「熱力對流（Thermal Convection）」，迅速發展為積雨雲，帶來雨滴大、雨勢急促、伴隨雷電且局部快速結束的對流雨。
2. 選項(A)地形抬升形成地形雨；選項(B)鋒面滯留形成梅雨（陰雨綿綿）；選項(D)強烈低氣壓形成颱風雨。"
148,暑期練習7/6,減塑旅遊要達成下列哪些行動？,自備、重複、少用,輕便行李,多使用旅館備品,多使用一次性衛生用品,(A) 自備、重複、少用,"【正確答案：A】
解析：
1. 減塑旅遊與綠色生活倡導源頭減量，核心行動原則為「自備盥洗用具及環保杯袋、重複使用毛巾與用具、少用一次性塑膠製品（自備、重複、少用）」，減少旅遊過程所產生之塑膠廢棄物。
2. 選項(C)多使用旅館備品與(D)多使用一次性衛生用品均會製造大量塑膠垃圾，嚴重違背減塑原則；選項(B)輕便行李雖有助於交通減碳，但最直接切合「減塑」核心行動綱領的為(A)。"
149,暑期練習7/6,水蒸氣遇冷會產生霜或露，下列哪個選項是正確的敘述？,霜是透明的液態,露是白色的固體,霜常見於寒冬的地面上,露常見於秋天清晨的地面,(D) 露常見於秋天清晨的地面,"【正確答案：D】
解析：
1. 秋季夜間晴朗少雲且風速微弱時，地面輻射冷卻顯著，近地面空氣中的水蒸氣遇冷在清晨凝結於草木或地面物體表面形成微小水滴，即為「露（液態）」，因此「露常見於秋天清晨的地面」為正確描述。
2. 選項(A)霜是由水蒸氣在0°C以下直接凝華形成的「白色固態冰晶」；選項(B)露是由水蒸氣凝結而成的「透明液態水滴」；選項(C)在題庫標準解析中，(D)為最具代表性且正確的季節水氣凝結描述。"
150,暑期練習7/6,有國慶鳥之稱的灰面鵟鷹，在國慶前後會成群過境哪一個國家公園？,澎湖南方四島國家公園,墾丁國家公園,台江國家公園,雪霸國家公園,(B) 墾丁國家公園,"【正確答案：B】
解析：
1. 灰面鵟鷹（又稱灰面鷲、國慶鳥）每年秋季自東北亞南下度冬，約在10月10日前後大批過境屏東恆春半島，於「墾丁國家公園」（社頂公園、滿州鄉滿州村一帶）棲息夜宿後出海南遷，形成著名的國慶賞鷹景觀。
2. 選項(A)澎湖南方四島、(C)台江（以黑面琵鷺度冬聞名）、(D)雪霸（以櫻花鉤吻鮭及高山生態聞名），均非灰面鵟鷹國慶過境集結之核心據點。"
151,暑期練習7/9,用自來水養魚，為什麼容易造成魚兒死亡？,自來水中沒有氧氣,自來水中沒有養分,自來水中含有餘氯,自來水中含有臭氧,(C) 自來水中含有餘氯,"【正確答案：C】
解析：
1. 自來水廠在淨水過程中添加氯氣或次氯酸鈉消毒殺菌，並於出廠管網中維持一定濃度的「有效餘氯」。餘氯具有強氧化性，會強烈腐蝕與破壞魚類的鰓部黏膜上皮組織，導致魚鰓失去呼吸交換氧氣功能而窒息死亡。因此養魚使用自來水前需經曝氣或添加水質穩定劑去氯。
2. 選項(A)自來水中含有正常溶解氧；選項(B)魚類養分來自餌料；選項(D)自來水配水管網維持的是餘氯而非臭氧（臭氧極不穩定無法殘留）。"
152,暑期練習7/9,下列何者「不是」水力發電的優點？,不會造成空氣污染,不會有生態衍生問題,運維成本低,可以重複使用,(B) 不會有生態衍生問題,"【正確答案：B】
解析：
1. 水力發電（特別是大規模築壩蓄水式水力電廠）會淹沒上游大片森林陸域生態、阻斷洄游性魚類的洄游繁殖路徑、改變下游河道泥沙輸送與水溫水質，帶來嚴重的生態衝擊，因此「不會有生態衍生問題」並非其優點（是錯誤敘述）。
2. 選項(A)運轉過程不燃燒化石燃料、不排放空污；選項(C)水力機組壽命長且水力為天然資源，運維成本低；選項(D)水資源依賴天然水循環可重複再生利用，均屬水力發電之優點。"
153,暑期練習7/9,惜食教育是全民綠生活推動的主軸之一，請問下列選項何者於惜食十大行動中出現？,要均衡,不打包,不可選,吃格外,(D) 吃格外,"【正確答案：D】
解析：
1. 環境部推展之「惜食十大行動」包含：主動說、吃格外、食在地、惜資源、愛地球、說真話、選友善、買剛好、全利用、吃多元。「吃格外」倡導民眾接納與食用外觀規格不符市場標準但品質與營養無虞的「格外品」蔬果，從源頭減少食物浪費。
2. 選項(A)要均衡、(B)不打包（惜食提倡主動打包剩菜）、(C)不可選，均非惜食十大行動之標準口訣內容。"
154,暑期練習7/9,屬於一級古蹟的八通關古道景觀主要特色為何？,具有數間百年以上歷史之建物,具特殊文化及藝術價值之廟宇建築,電影「賽德克·巴萊」主要場景,保留許多開墾史蹟的石碑,(D) 保留許多開墾史蹟的石碑,"【正確答案：D】
解析：
1. 八通關古道建於清光緒元年（1875年），為清代臺灣總兵吳光亮受命推動「開山撫番」所闢建橫貫中央山脈東西兩側之官道。現存清代八通關古道被列為國定一級古蹟，其最珍貴的核心歷史地景即為沿途留存之開山史蹟摩崖石刻與石碑（如「萬里亨通」碑、「山通大海」碑等）。
2. 選項(A)百年建物與(B)廟宇建築非古道之本體特色；選項(C)賽德克巴萊主要場景為霧社事件相關山區，非八通關古道核心史蹟。"
155,暑期練習7/9,以下何者有「臺灣的亞馬遜河」之稱？,香山濕地,哈盆自然保留區,無尾港濕地,蘭陽溪口濕地,(B) 哈盆自然保留區,"【正確答案：B】
解析：
1. 位於新北市烏來區與宜蘭縣礁溪鄉交界的「哈盆自然保留區」，完整保存了臺灣少數珍貴的原生低海拔天然闊葉林與南勢溪上游水域，林相鬱閉、潮濕溫暖、動植物多樣性極為豐富，因而被譽為「臺灣的亞馬遜河」。
2. 選項(A)香山濕地為新竹沿海泥灘濕地；選項(C)無尾港濕地為宜蘭海濱水鳥保護區；選項(D)蘭陽溪口濕地為宜蘭重要水鳥度冬河口。"
156,暑期練習7/9,大陸華北地區因工業發達燃燒煤炭，產生二氧化硫，常隨著哪種季風飄來臺灣北部，產生酸雨的問題？,東北季風,東南季風,西北季風,西南季風,(A) 東北季風,"【正確答案：A】
解析：
1. 臺灣秋冬季受亞洲大陸冷高壓支配，盛行「東北季風」。中國大陸華北及沿海工業發達地區大量燃煤排放之二氧化硫（SO2）與氮氧化物（NOx）等境外空污前驅物，隨東北季風長程傳輸至臺灣北部迎風面，溶入降水中導致北部酸雨酸度與發生率明顯偏高。
2. 選項(B)東南季風與(C)西北季風非常態季風；選項(D)西南季風為夏季由熱帶海洋吹向臺灣之季風，非自大陸燃煤工業區吹來。"
157,暑期練習7/9,依據紫外線的特性，到達地表輻射量最高者為下列何者？,UV-A,UV-B,UV-C,UV-D,(A) UV-A,"【正確答案：A】
解析：
1. 太陽紫外線依波長分為三種：
   - UV-A（長波 320~400 nm）：穿透力最強，幾乎不受大氣臭氧層吸收，約有 95% 以上能穿透到達地表，為到達地表輻射量最高者。
   - UV-B（中波 280~320 nm）：大部分被臭氧層吸收，僅約 5% 到達地表。
   - UV-C（短波 100~280 nm）：完全被臭氧層及高層大氣吸收，無法到達地表。
2. 選項(D)UV-D 非科學標準之紫外線分類。"
158,暑期練習7/9,下列哪一種植物屬於臺灣原生種？,銀合歡,小花蔓澤蘭,大花咸豐草,玉山杜鵑,(D) 玉山杜鵑,"【正確答案：D】
解析：
1. 玉山杜鵑（Rhododendron pseudochrysanthum，亦稱森氏杜鵑）是臺灣特有原生高山常綠木本植物，廣泛生長於中央山脈海拔3000公尺以上的高山箭竹草坡與冷杉林緣。
2. 選項(A)銀合歡原產中美洲，為破壞恆春半島低海拔生態之強勢外來入侵種；選項(B)小花蔓澤蘭原產中南美洲，為「綠色癌症」外來種；選項(C)大花咸豐草原產美洲，為強勢歸化外來野草。"
159,暑期練習7/9,水中汞污染物危害性主要是因為它具有下列何種特性？,累積毒性,急毒性,干擾生物之生殖系統,影響人體之呼吸系統,(A) 累積毒性,"【正確答案：A】
解析：
1. 無機汞排入水體後，經厭氧底泥微生物作用轉化為高脂溶性之「甲基汞」。甲基汞在生物體內極難排出，會藉由食物鏈逐級放大濃縮，展現高度的「生物累積性（累積毒性）」，長期攝入累積會造成人體中樞神經系統嚴重不可逆病變（如水俁病）。
2. 選項(B)急毒性非環境微量汞的核心危害型態；選項(C)與(D)汞主要毒性在於神經毒性與食物鏈累積放大效應。"
160,暑期練習7/9,下列何者不是導致珊瑚礁白化的原因?,高溫廢水,海水鹽度改變,海水中的化學反應變化,黑潮經過,(D) 黑潮經過,"【正確答案：D】
解析：
1. 黑潮是源自赤道北上的常態性溫暖洋流，水質清澈純淨、透光度高、富含浮游生物，是孕育臺灣南部（墾丁、綠島、蘭嶼）繁茂珊瑚礁生態的天然有利條件，並非導致白化的原因。
2. 選項(A)電廠等溫排水導致水溫異常升高超過共生藻耐受極限引發白化；選項(B)暴雨淡水大量注入使鹽度驟降破壞滲透壓；選項(C)海水酸化等化學平衡改變會抑制珊瑚骨骼鈣化並誘發白化。"
161,暑期練習7/9,水蒸氣遇冷會產生霜或露，下列哪個選項是正確的敘述？,霜是透明的液態,露是白色的固體,霜常見於寒冬的地面上,露常見於秋天清晨的地面,(D) 露常見於秋天清晨的地面,"【正確答案：D】
解析：
1. 秋季夜間晴朗少雲、地表輻射冷卻顯著時，水蒸氣遇冷在清晨於地表物體與草木上凝結為小水滴，此即為露，故「露常見於秋天清晨的地面」為正確敘述。
2. 選項(A)霜是由水蒸氣直接凝華形成的「白色固體冰晶」；選項(B)露是水蒸氣凝結形成的「透明液體小水滴」；選項(C)非標準單選最佳答案，題庫統一正解為(D)。"
162,暑期練習7/9,下列何者「不是」臺灣水圳的用途？,保存歷史遺產價值,展現常民文化,推廣水上摩托車運動,發展休閒遊憩,(C) 推廣水上摩托車運動,"【正確答案：C】
解析：
1. 臺灣農田水圳（如瑠公圳、曹公圳、八堡圳等）主要功能為農田灌溉、排水與防洪。其圳道狹窄、水深淺且設有多重水門水閘，絕不適合進行高速動力水上摩托車運動，且會破壞水質與護岸結構。
2. 選項(A)見證先民農田拓墾水利工程歷史；選項(B)展現農村聚落常民生活文化；選項(D)現代水圳綠美化轉型為親水步道與休憩空間，皆為水圳之重要多元價值。"
163,暑期練習7/9,天氣現象千變萬化，天氣預報更是一件勞心勞力的工作。有關天氣預報的敘述，下列何者是正確的？,天氣預報僅需參考地面、高空和衛星等觀測資料,紫外線強度並不包含在預報項目內,將觀測資料輸入電腦，即可得到準確的預報資料,影響天氣變化的因素很複雜增加預報工作的困難度,(D) 影響天氣變化的因素很複雜增加預報工作的困難度,"【正確答案：D】
解析：
1. 大氣系統屬於高度非線性、混沌的流體力學系統，受地形、海氣交互作用、輻射平衡等多重繁複因素交互影響，初始觀測的微小誤差隨時間演化會被放大（蝴蝶效應），使精確預報充滿高度複雜度與挑戰。
2. 選項(A)現代預報需結合雷達、浮標、飛機觀測及數值模式模擬等多維資料；選項(B)紫外線指數（UVI）為每日例行發布的重要預報項目；選項(C)電腦數值預報存在不確定性，仍需資深氣象專家綜合研判修正。"
164,暑期練習7/9,1998年臺塑公司將一批汞污泥送往柬埔寨，並棄置在海邊，造成當地民眾多人不適，引起國際喧然大波，這種行為違反下列哪一項國際公約？,凡爾賽條約,蒙特婁公約,氣候變化綱要公約,巴塞爾公約,(D) 巴塞爾公約,"【正確答案：D】
解析：
1. 《巴塞爾公約》（Basel Convention）旨在管制危險廢棄物越境轉移及其處置，嚴禁已開發國家將有毒有害廢棄物運往處理能力不足的開發中國家傾倒棄置。1998年臺塑汞污泥非法運往柬埔寨棄置事件，即為嚴重違反巴塞爾公約規範的典型國際公害案例。
2. 選項(A)凡爾賽條約為一次大戰和平條約；選項(B)蒙特婁議定書管制臭氧層破壞物質；選項(C)氣候變化綱要公約管制溫室氣體排放。"
165,暑期練習7/9,壬基酚主要做為工業清潔劑中「非離子型界面活性劑」，另外也用於抗氧化劑、紡織印染助劑、農藥乳化劑等領域，但平常我們接觸的壬基酚，卻更多是從哪裡來的？,食物中,空氣中,土壤中,廢棄物中,(A) 食物中,"【正確答案：A】
解析：
1. 壬基酚（NP）在環境中具有高脂溶性與生物蓄積性，排入水域後會進入水生生物脂肪組織並沿食物鏈放大。一般民眾日常接觸壬基酚最主要的暴露途徑為「飲食（食物中，特別是魚蝦貝類海鮮及接觸受污染包材之食品）」。
2. 選項(B)空氣中、(C)土壤中、(D)廢棄物中均非一般大眾日常最主要且廣泛的吸收來源。"
166,暑期練習7/9,水是臺灣重要的資源，高雄甲仙攔河堰主要越域引水到哪個水庫存用？,石門水庫,日月潭水庫,德基水庫,南化水庫,(D) 南化水庫,"【正確答案：D】
解析：
1. 甲仙攔河堰位於高雄市甲仙區旗山溪（楠梓仙溪）上游，其工程主要功能係在豐水期攔截旗山溪充沛水量，透過跨流域引水穿山隧道輸送至臺南市南化區的「南化水庫」蓄存，以穩定供應臺南與高雄地區民生用水。
2. 選項(A)石門水庫位於桃園大漢溪；選項(B)日月潭水庫由南投濁水溪武界壩引水注入；選項(C)德基水庫位於臺中大甲溪上游。"
167,暑期練習7/9,請問下列何者傳染病傳染途徑並非經由食物或飲水傳染?,小兒麻痺症,沙門氏菌感染症,霍亂,日本腦炎,(D) 日本腦炎,"【正確答案：D】
解析：
1. 日本腦炎是由日本腦炎病毒引起之急性中樞神經感染，傳播途徑為「病媒蚊（三斑家蚊、環紋家蚊及白頭家蚊）叮咬」感染的蟲媒傳染病，並非透過食物或飲用水傳染。
2. 選項(A)小兒麻痺症主要透過糞口途徑（食入受病毒污染之飲食）傳染；選項(B)沙門氏菌感染症經由食用未熟或受污染之蛋肉水質感染；選項(C)霍亂為典型經由受污染水源海鮮引發的水媒糞口傳染病。"
168,暑期練習7/9,當臺灣有地震發生時，常可聽到新聞有相關報導，下列所報導的內容何者是「錯誤」的？,本次地震發生的震央位置在花蓮，震源深度為200公里,震度為花蓮4.2、臺東3.6、宜蘭3.4,地震的大小為芮氏地震規模5.3,發生原因是菲律賓海板塊擠壓歐亞板塊所致,(B) 震度為花蓮4.2、臺東3.6、宜蘭3.4,"【正確答案：B】
解析：
1. 依據我國現行中央氣象署「地震震度分級標準」，地震「震度（Intensity）」代表各地地面搖晃劇烈程度，必須以整數分級或強弱等級標示（如0~4級、5弱/5強、6弱/6強、7級），絕不會出現「4.2、3.6」等帶小數點數值（帶小數點者為地震規模 Magnitude）。
2. 選項(A)正確，震央為地表位置，深度以公里表示；選項(C)正確，地震規模描述釋放能量大小，為帶小數點之實數；選項(D)正確，臺灣東部地震主因確為板塊擠壓。"
169,暑期練習7/9,請問下列選項何者不符合「全民綠生活」的實踐行動?,使用在地食材並提供餐點份量調整服務,種植綠色植栽，淨化室內空氣品質,旅遊景點選擇環境教育設施場所,選購衣物選擇快時尚，促進經濟發展,(D) 選購衣物選擇快時尚，促進經濟發展,"【正確答案：D】
解析：
1. 「快時尚（Fast Fashion）」鼓勵過度消費、短暫穿著即丟棄，製造大量紡織廢棄物，且製衣過程消耗大量水資源與染劑化學品，造成嚴重的資源浪費與碳排放，完全違背全民綠生活「友善環境綠時尚（選購環保材質、延長衣物壽命、精準消費）」之理念。
2. 選項(A)符合低碳飲食與惜食行動；選項(B)符合綠色居家居住生活；選項(C)符合綠色旅遊與環境教育行動。"
170,暑期練習7/9,環境部與歐洲經貿辦事處在世界清潔日這天舉辦淨灘活動，邀請民眾共同參與，維護海洋環境，以達到哪四個目標?,「禁海」、「入海」、「近海」及「出海」,「親海」、「愛海」、「近海」及「進海」,「淨海」、「知海」、「近海」及「進海」,「淨海」、「愛海」、「護海」及「進海」,(C) 「淨海」、「知海」、「近海」及「進海」,"【正確答案：C】
解析：
1. 行政院推動之「向海致敬」政策與環境部淨灘活動的核心目標為四海主軸：「淨海（潔淨海洋）」、「知海（知道海洋）」、「近海（親近海洋）」及「進海（進入海洋）」，藉由清理海灘垃圾與環境教育，引導全民知海愛海並永續發展。
2. 選項(A)、(B)、(D)之文字組合均非官方政策設定的四海核心目標。"
171,暑期練習7/9,下列哪個是臺灣河川污染的主要來源之一？,土石流,家庭污水,酸沉降,溯溪活動,(B) 家庭污水,"【正確答案：B】
解析：
1. 根據環境部水質監測分析，臺灣河川的主要污染源中，「家庭污水（未經處理直接排入水體的生活雜排水與糞尿污水）」佔總污染量負載比例最高（在許多都會河川超過 50% 以上），為造成河川有機污染（BOD/氨氮過高）之最主要來源。
2. 選項(A)土石流為天然地質災害引起的濁度升高，非典型水污染源；選項(C)酸沉降造成水體酸化；選項(D)溯溪活動為局部性戶外遊憩，非主要河川污染來源。"
172,暑期練習7/9,小明利用「廣用試紙」測試所收集的酸雨，其試紙會呈現何種顏色？,綠色,紅色,藍色,黑色,(B) 紅色,"【正確答案：B】
解析：
1. 廣用試紙（Universal Indicator）的顏色變化為：強酸至弱酸（pH 1~6）呈「紅、橙、黃」色；中性（pH 7）呈「綠色」；鹼性（pH 8~14）呈「藍、靛、紫色」。酸雨指 pH 值小於 5.0 的降水，呈明顯酸性，故廣用試紙會呈現偏向「紅色（橙紅色）」。
2. 選項(A)綠色為中性；選項(C)藍色為鹼性；選項(D)黑色非酸鹼指示試紙之呈色。"
173,暑期練習7/9,下列哪一個國家公園裡面可以見到珊瑚礁美景？,墾丁國家公園,太魯閣國家公園,玉山國家公園,陽明山國家公園,(A) 墾丁國家公園,"【正確答案：A】
解析：
1. 墾丁國家公園位於臺灣本島最南端恆春半島，三面臨海且受黑潮暖流滋潤，海域水質清澈、水溫適宜，孕育了臺灣本島最繁盛壯觀且生物多樣性極高的「裙礁（珊瑚礁）」生態系。
2. 選項(B)太魯閣國家公園以大理岩高山峽谷聞名；選項(C)玉山國家公園為高山生態與高山林相；選項(D)陽明山國家公園以火山地質與地熱溫泉聞名。"
174,暑期練習7/9,民國83年，臺灣美國無線電公司(RCA)桃園廠污染廠區土壤及地下水，主要污染物是以下哪種元素之有機化合物？,砷,鎘,氯,汞,(C) 氯,"【正確答案：C】
解析：
1. 臺灣美國無線電公司（RCA）桃園廠於民國59年至81年營運期間，長期違法將生產清洗使用的大量「含氯有機溶劑」（主要為三氯乙烯 TCE、四氯乙烯 PCE、三氯乙烷等含『氯』之揮發性有機化合物）排入廠區私挖水井中，造成嚴重之土壤與地下水含氯有機化合物污染，導致眾多員工罹癌。
2. 選項(A)砷（烏腳病致病原）、(B)鎘（鎘米致病原）、(D)汞（水俁病致病原）均為無機重金屬，非 RCA 廠的核心有機溶劑污染物。"
175,暑期練習7/9,中元節是中國人重要節令之一，當晚月相為何？,朔月,望月,上弦月,下弦月,(B) 望月,"【正確答案：B】
解析：
1. 中元節固定於農曆七月十五日。農曆（陰陽曆）是以月相盈虧週期制定，每月的農曆十五或十六日，地球位於太陽與月球之間（日、地、月成一直線），地球上可見到月球整個向陽受光面，此時月相為「望月（滿月）」。
2. 選項(A)朔月（新月）在農曆初一；選項(C)上弦月在農曆初七、初八；選項(D)下弦月在農曆二十二、二十三。"
176,暑期練習7/9,有關食農教育和惜食教育的說法何種「錯誤」？,慣行農法講求的是循環利用,「食農教育法」已立法通過,惜食行動有效支持在地農業,惜食觀念的建立須從小扎根,(A) 慣行農法講求的是循環利用,"【正確答案：A】
解析：
1. 「慣行農法（Conventional Agriculture）」通常依賴大量合成化學肥料、農藥及高度機械化耕作以追求產量最大化；講求資源循環再生、利用有機資材與維護生態平衡的耕作模式是「有機農業」或「循環農業（生態農業）」，並非慣行農法。
2. 選項(B)我國《食農教育法》已於民國111年（2022年）三讀通過施行；選項(C)惜食提倡「地產地消、吃格外」，能直接支持在地農民；選項(D)惜食教育從小扎根有助於建立永續飲食習慣。"
177,暑期練習7/9,為落實產品資源循環與環保再生材料應用，所採策略是推動什麼產品設計的輔導是：,搖籃到搖籃,搖籃到墳墓,墳墓到搖籃,墳墓到墳墓,(A) 搖籃到搖籃,"【正確答案：A】
解析：
1. 「搖籃到搖籃（Cradle to Cradle, C2C）」設計理念主張改變傳統線性經濟模式，在產品設計階段即規劃所有原材料在生命週期結束後，能完全回歸「生物循環（安全生物降解）」或「技術/工業循環（無限封閉回收再生）」，實現零廢棄物的永續循環經濟。
2. 選項(B)「搖籃到墳墓（Cradle to Grave）」為傳統線性模式（開採$ightarrow$製造$ightarrow$廢棄掩埋焚化）；選項(C)與(D)非標準永續設計概念專有名詞。"
178,暑期練習7/9,下列何種生物不存在於墾丁國家公園?,紫斑蝶,樹皮螳螂,櫻花鉤吻鮭,玉帶鳳蝶,(C) 櫻花鉤吻鮭,"【正確答案：C】
解析：
1. 臺灣櫻花鉤吻鮭（Oncorhynchus masou formosanus）為冰河孑遺國寶魚，對生存環境極度敏感，要求水溫需終年保持在 16°C 以下之潔淨冷水溪流，僅存活於「雪霸國家公園」高海拔之大甲溪上游七家灣溪流域，絕不可能存在於臺灣最南端熱帶氣候之墾丁國家公園。
2. 選項(A)紫斑蝶、(B)樹皮螳螂、(D)玉帶鳳蝶均廣泛分布於低海拔熱帶森林與灌叢，在墾丁國家公園內皆有穩定分布。"
179,暑期練習7/9,幾十年前曾有人引進小花蔓澤蘭來綠化環境，今日這種植物已經在臺灣部份地區造成許多原生植物死亡，甚至危害農作物，因此有綠色癌症之稱，關於此現象，下列哪個選項是正確的敘述？,這是天擇的結果，應讓其自然演化,不當引入外來生物，可能破壞原本的生態平衡,應多引入外來種昆蟲，以控制此植物的繁衍,外來種植物可增加本地的生物多樣性,(B) 不當引入外來生物，可能破壞原本的生態平衡,"【正確答案：B】
解析：
1. 小花蔓澤蘭原產於中南美洲，引進臺灣後因缺乏天敵制約且生長繁殖極為迅速，大量攀附纏繞原生林木阻礙光合作用導致林木枯死。這說明人為不當引入外來生物，極易引發外來入侵種危機，嚴重破壞既有之生態平衡與生物多樣性。
2. 選項(A)此為人為引入造成的生態災難，放任不管將造成森林生態崩解；選項(C)未經嚴格安全評估盲目引進外來昆蟲易衍生二次入侵危機；選項(D)強勢外來入侵種會導致原生植物滅絕，降低生物多樣性。"
180,暑期練習7/9,河川截彎取直會對河道的水理造成什麼現象？,河道長度變長,取直的河道坡降變平緩,下游河道水位降低,下游河道產生淤積,(D) 下游河道產生淤積,"【正確答案：D】
解析：
1. 河川截彎取直後，流路大幅縮短，使取直河段之水流坡降（坡度）變陡、流速急遽加快，加劇上游河床及兩岸的沖蝕作用；大量被沖刷的泥沙隨高速水流沖至下游平緩河段時，因流速驟降而大量沉澱，造成「下游河道嚴重淤積」，並推高下游洪峰水位。
2. 選項(A)截彎取直使河道長度「縮短」；選項(B)河段落差不變但長度縮短，坡降（坡度）「變陡」而非變平緩；選項(C)大量洪水與淤沙匯流至下游，會使下游水位「抬升」而非降低。"
181,暑期練習7/9,下列何者為植物多樣性增加對生物的影響？,穩固生物繁衍的橋樑,減少抓土力,減少棲息地,當環境變動，整個生態系易導致崩解,(A) 穩固生物繁衍的橋樑,"【正確答案：A】
解析：
1. 植物是陸域生態系的初級生產者。豐富的植物多樣性提供了多樣化的食物來源（果實、花蜜、葉片）、微棲地與庇護繁殖空間，能支持更多種類的草食動物與高階肉食動物生存，扮演「穩固生物繁衍與生態鏈的橋樑」。
2. 選項(B)多樣化植被結構（深根與淺根植物共存）會增強水土保持與抓土力；選項(C)增加微棲地空間；選項(D)物種多樣性愈高，生態系自我調節能力與韌性愈強，不易崩解。"
182,暑期練習7/9,在同樣的冷房能力下，有不同能源效率比(EER)的冷氣，其耗電量最少的是下列何者？,EER=1.2,EER=2.2,EER=3.4,EER=4.3,(D) EER=4.3,"【正確答案：D】
解析：
1. 能源效率比（Energy Efficiency Ratio, EER）定義為「冷房能力（kW 或 kcal/h）除以消耗電功率（kW 或 W）」，即 EER = 冷房能力 / 耗電功率。因此在相同冷房能力下，EER 數值「愈大」，代表產生相同冷房效果所消耗的電量愈少，故 EER=4.3 之冷氣「耗電量最少」、能源效率最佳。
2. 選項(A)1.2、(B)2.2、(C)3.4 的數值均小於 4.3，耗電量皆較大。"
183,暑期練習7/9,根據台灣國立海洋生物博物館環境生態毒物研究團隊透過對鯨豚的研究，發現環境荷爾蒙造成的影響，下列敘述何者正確?,環境荷爾蒙只汙染高階食物鏈的鯨豚，對低階食物鏈的小型魚類沒有影響,鯨豚體內只存在一種環境荷爾蒙,部分的環境荷爾蒙會透過生產及哺乳傳遞給下一代,環境荷爾蒙在海水中只要經過一段時間後，會自然分解掉，不會繼續造成危害,(C) 部分的環境荷爾蒙會透過生產及哺乳傳遞給下一代,"【正確答案：C】
解析：
1. 國立海洋生物博物館團隊研究證實，脂溶性環境荷爾蒙（如多氯聯苯、有機氯農藥等持久性有機污染物）在母體鯨豚體內長期累積後，會在母體懷孕（胎盤輸送）及生產後透過高脂肪含量的「乳汁哺乳」大量轉移給幼豚，使幼豚在發育初期即暴露於高濃度毒素中。
2. 選項(A)低階小型魚類與浮游生物同樣會累積環境荷爾蒙；選項(B)鯨豚體內常檢出多種環境荷爾蒙複合污染；選項(D)持久性有機污染物在海水中極難自然分解，具高度環境持久性。"
184,暑期練習7/9,潮間帶常有許多的螺類，試問下列何者可食用？,花冠芋螺,漁舟蜑螺,斑芋螺,織錦芋螺,(B) 漁舟蜑螺,"【正確答案：B】
解析：
1. 漁舟蜑螺（Nerita albicilla）為臺灣岩礁潮間帶常見的小型草食性海螺，無毒且常被沿海居民採集烹煮食用。
2. 選項(A)花冠芋螺、(C)斑芋螺、(D)織錦芋螺均屬於「芋螺科（Conidae）」，芋螺具有特化之毒針與劇烈神經毒素（芋螺毒素 Conotoxin），毒性強烈具致命危險，絕對不可食用或徒手抓取。"
185,暑期練習7/9,下列有關水土保持的敘述，何者「不正確」？,在低窪地區大量抽取地下水，容易造成地層下陷,在河邊養殖家禽家畜，可能使下游藻類過量孳生,在水庫上游砍伐樹木，會減少水庫的泥沙淤積量,在坡度陡峭的高山上種植蔬果，會造成土壤流失,(C) 在水庫上游砍伐樹木，會減少水庫的泥沙淤積量,"【正確答案：C】
解析：
1. 森林樹冠能截留雨水、落葉層涵養水源，且樹木根系具強大之固土護坡功能。若在水庫上游集水區砍伐樹木，失去植被保護的土壤極易遭雨水劇烈沖刷流失，反而會使「大量泥沙沖入水庫，大幅增加水庫淤積量」並降低蓄水壽命，故(C)為錯誤敘述。
2. 選項(A)過度抽取地下水會造成孔隙水壓下降引發地層下陷；選項(B)畜牧廢水富含氮、磷營養鹽會導致水體優養化與藻華；選項(D)陡坡開墾破壞植被覆蓋會加劇土壤沖蝕。"
186,暑期練習7/9,黑面琵鷺是世界上非常稀少的鳥種，被列為瀕臨滅絕動物保護，每年9月至10月抵臺，一直待到翌年的3月至5月左右，才陸續飛離臺灣。請問黑面琵鷺主要分布在哪一個地區？,東歐,西亞,東亞,南美洲,(C) 東亞,"【正確答案：C】
解析：
1. 黑面琵鷺（Platalea minor）是「東亞」特有的珍稀保育涉禽，其遷徙路線局限於東亞沿海：夏季於朝鮮半島、中國東北及俄羅斯遠東沿海島嶼繁殖，秋季南遷至臺灣（臺南曾文溪口為全球最大度冬區）、香港、中國華南、越南及日本等地度冬。
2. 選項(A)東歐、(B)西亞、(D)南美洲均非黑面琵鷺之天然分布與遷徙地理區域。"
187,暑期練習7/9,何謂水足跡，下列哪個選項是正確的？,消費者所購買的商品，在生產過程中消耗的用水量,水利用的途徑,水循環的途徑,每人每日用水量紀錄,(A) 消費者所購買的商品，在生產過程中消耗的用水量,"【正確答案：A】
解析：
1. 「水足跡（Water Footprint）」是指一項商品、產品或服務在整個生產生命週期中（從原物料開採、種植、加工製造、運輸到廢棄處理），直接與間接所消耗及污染的水資源總量（包含綠水、藍水與灰水足跡）。
2. 選項(B)水利用途徑與(C)水循環途徑指水之流動機制；選項(D)每人每日用水量僅記錄個人生活直接用水，未計算商品中隱含之「虛擬水（Virtual Water）」，非完整水足跡定義。"
188,暑期練習7/9,下列何者是酸雨帶來的危害？,全球暖化,輻射污染,礦產消失,土壤酸化,(D) 土壤酸化,"【正確答案：D】
解析：
1. 酸雨中含有高濃度硫酸根與硝酸根離子，降落至地面後，大量氫離子會置換土壤中的鈣、鎂、鉀等鹽基養分離子並隨水淋溶流失，使土壤 pH 值下降，直接造成「土壤酸化」，並溶出毒性游離鋁離子毒害植物根系。
2. 選項(A)全球暖化由溫室氣體增加引起；選項(B)輻射污染由放射性物質外洩引起；選項(C)礦產消失與地質開採有關，非酸雨危害。"
189,暑期練習7/9,下列哪種物質可能於電子發票、提款機提款明細表等感熱紙上被檢出？,雙酚A,壬基酚,DDT,五氯酚,(A) 雙酚A,"【正確答案：A】
解析：
1. 傳統感熱紙（如電子發票明細、收據、ATM 提款交易明細表）常塗佈「雙酚A（Bisphenol A, BPA）」作為顯色劑。雙酚A為已知之環境荷爾蒙，可經皮膚接觸滲透吸收，干擾人體內分泌系統，目前我國已訂定國家標準規範感熱紙雙酚A含量。
2. 選項(B)壬基酚主要用於清潔界面活性劑；選項(C)DDT為有機氯殺蟲劑；選項(D)五氯酚為木材防腐防黴劑。"
190,暑期練習7/9,下列何者「不是」成功的社區產業推動的要件?,政治因素,增進社區的應變能力,財務及人力資源的支持,社區當地之生態,(A) 政治因素,"【正確答案：A】
解析：
1. 推動社區營造與永續社區產業的核心成功要件在於：在地獨特的生態與文化資源、社區居民主體性與人力組織運作、健全的財務資金支持，以及面對外部環境變動時的適應與應變能力；外力政治介入或政黨派系利益往往造成社區對立與政策中斷，並非推動社區產業的正面成功要件。
2. 選項(B)、(C)、(D)皆為建立永續繁榮社區產業之必要關鍵基石。"
191,暑期練習7/9,下列何者是引起過度漁撈現象的主要原因？,從事漁業人口增加,撈捕技術進步且消費人口增加,政府鼓勵捕撈,海洋資源取之不盡,(B) 撈捕技術進步且消費人口增加,"【正確答案：B】
解析：
1. 全球人口持續成長帶動海鮮消費需求急遽上升，加上現代化捕撈科技（如大型拖網、聲納探魚機、衛星定位導航與大型冷凍加工母船）的大幅躍進，使捕撈規模與效率遠遠超越了海洋魚類族群自然繁衍恢復的上限，引發嚴重的「過度漁撈（Overfishing）」與漁業資源枯竭。
2. 選項(A)全球許多地區傳統漁業人口實際上呈現減少趨勢；選項(C)現代政府多推行休漁期與配額管制以限制捕撈；選項(D)海洋資源具有再生極限，絕非取之不盡。"
192,暑期練習7/9,在生物鏈越上端的物種其體內累積持久性有機污染物(POPs)濃度將越高，危害性也將越大，這是說明POPs具有下列何種特性？,持久性,半揮發性,高毒性,生物累積性,(D) 生物累積性,"【正確答案：D】
解析：
1. 持久性有機污染物（POPs）具有高脂溶性與化學穩定性，進入生物體後難以被酵素分解或排泄。隨著食物鏈由初級生產者向各級消費者傳遞，高階掠食者體內的污染物濃度隨營養階層呈現幾何級數放大，這項特徵即稱為「生物累積性（生物濃縮/生物放大作用 Biomagnification）」。
2. 選項(A)持久性指在環境中長期存在不易降解；選項(B)半揮發性指可藉大氣長程傳輸；選項(C)高毒性指微量即可造成致癌或器官病變。"
193,暑期練習7/9,下列哪一條步道獲得世界非營利組織國際寧靜公園授證，成為全球第一條「寧靜步道」，在無人為干擾之下，測得最低音量不到25分貝?,阿里山特富野古道,大漢山浸水營古道,太魯閣錐麓古道,太平山翠峰湖環山步道,(D) 太平山翠峰湖環山步道,"【正確答案：D】
解析：
1. 宜蘭縣太平山國家森林遊樂區內的「翠峰湖環山步道」（尤其是其奧陶紀苔原區），因地面覆蓋厚層吸音泥炭苔蘚、林相原始且遠離人為喧囂，在無干擾下測得環境音量最低不到 25 分貝，於2022年世界聆聽日獲國際非營利組織「世界寧靜公園（Quiet Parks International, QPI）」正式授證為全球首條「世界寧靜步道（Quiet Trail）」。
2. 選項(A)特富野古道、(B)浸水營古道、(C)錐麓古道均為臺灣知名步道，但非全球首條獲得 QPI 授證之寧靜步道。"
194,暑期練習7/9,下列那一處濕地不屬於台江國家公園涵蓋的範圍?,八掌溪口濕地,七股鹽田濕地,鹽水溪口濕地,曾文溪口濕地,(A) 八掌溪口濕地,"【正確答案：A】
解析：
1. 八掌溪口濕地位於嘉義縣布袋鎮與臺南市北門區交界處，屬於國家級重要濕地，但在地理範圍上位於台江國家公園的北界之外，不屬於台江國家公園計畫管轄涵蓋之濕地範圍。
2. 選項(B)七股鹽田濕地、(C)鹽水溪口濕地、(D)曾文溪口濕地均為台江國家公園範疇內著名的國際級或國家級重要濕地。"
195,暑期練習7/9,環境部為了推動區域環境管理工作，於111年1月1日正式成立什麼單位，來治理區域環境?,地方環境管理中心,三區環境管理中心,中央環境管理中心,四區環境管理中心,(B) 三區環境管理中心,"【正確答案：B】
解析：
1. 環保署（現環境部）為強化區域環境治理、提升跨縣市重大公害稽查與污染防治效能，整合原有環境督察總隊資源，於民國111年（2022年）1月1日正式掛牌成立「北區、中區、南區」等「三區環境管理中心」。
2. 選項(A)、(C)、(D)均非當時正式成立之組織編制名稱。"
196,暑期練習7/9,有關潮間帶的敘述，下列哪個選項是「錯誤」的？,位於滿乾潮之間的地帶,提供人們養殖、遊憩與觀光的主要場所,生物能適應短暫缺水及陽光曝晒,此地生態系的生產力，與其它生態系相較，生產力偏低,(D) 此地生態系的生產力，與其它生態系相較，生產力偏低,"【正確答案：D】
解析：
1. 潮間帶因陽光充沛、波浪湧動帶來豐富陸源營養鹽與充足溶氧，大型藻類與底棲微藻初級生產旺盛，是地球上「生產力最高」、生物多樣性最豐富的生態系之一，因此「生產力偏低」是明顯錯誤的敘述。
2. 選項(A)正確，潮間帶即為最高滿潮線與最低乾潮線之間的區域；選項(B)正確，為採集、牡蠣養殖與生態旅遊重鎮；選項(C)正確，潮間帶生物演化出耐乾旱日曬與抗浪衝擊的特殊適應機制。"
197,暑期練習7/9,有關社區的垃圾分類何者正確？,保麗龍回收歸類在廢塑膠內,紙類回收必須把紙上的塑膠膜／袋清掉獨立回收,回收任何瓶罐類物品都要將裡面的液體倒乾淨,以上皆是,(D) 以上皆是,"【正確答案：D】
解析：
1. 題目所列三項均為正確且符合規範的社區資源回收實踐要點，故「以上皆是」為正確答案：
   - (A) 正確：保麗龍（發泡聚苯乙烯 EPS，塑膠材質 6 號）本質為塑膠，乾淨無污損者應歸入塑膠回收體系。
   - (B) 正確：廢紙回收若附有塑膠淋膜、膠帶或外包裝袋，應儘可能分離，避免影響造紙廠散漿再生品質。
   - (C) 正確：回收瓶罐容器前應徹底將殘留液體倒空並沖淨，防止異味滋生與污染其他乾淨回收物。"
198,暑期練習7/9,1950年日本富山縣當地居民罹患「痛痛病」，是下列何種金屬所導致？,鎘,鎳,砷,汞,(A) 鎘,"【正確答案：A】
解析：
1. 痛痛病（Itai-itai disease）為日本四大公害病之一，發生於富山縣神通川流域。主因三井金屬礦業將含有重金屬「鎘（Cadmium, Cd）」的選礦廢水排入神通川，農民引水灌溉種出「鎘米」，居民長期食用後鎘在體內累積破壞腎小管，導致鈣質流失與嚴重骨質疏鬆軟化，骨折劇痛難忍。
2. 選項(B)鎳常引起接觸性過敏；選項(C)砷為烏腳病致病原；選項(D)甲基汞為日本熊本縣「水俁病」之致病重金屬。"
199,暑期練習7/9,下列有關鉛的生物偵測的敘述何者「錯誤」？,有機鉛化合物的吸收，主要是由皮膚吸收,循環中的鉛，90%會與紅血球結合,90%的鉛會最後儲存於骨骼,有機鉛的暴露，最好的偵測指標則是血中鉛濃度,(D) 有機鉛的暴露，最好的偵測指標則是血中鉛濃度,"【正確答案：D】
解析：
1. 「血中鉛濃度（BLL）」是評估『無機鉛』暴露最好的生物偵測指標；但對於『有機鉛』（如四乙基鉛），因其脂溶性極高，進入人體後主要在肝臟迅速代謝轉化為三烷基鉛並隨尿液排出，因此「尿中鉛（Urinary Lead）」才是評估有機鉛急性暴露的最佳生物偵測指標，故(D)為錯誤敘述。
2. 選項(A)有機鉛具高脂溶性，極易迅速穿透皮膚被吸收；選項(B)血液循環中的鉛約 90% 以上會與紅血球結合；選項(C)鉛在人體內長期生物半衰期長，90% 以上最終蓄積儲存於骨骼與牙齒中。"
200,暑期練習7/9,在臺灣，下列哪一種作法符合餐飲業實施節能減碳？,採購高山種植的蔬果,採購當地蔬果,採購最便宜的的蔬果,採購自國外進口的蔬果,(B) 採購當地蔬果,"【正確答案：B】
解析：
1. 餐飲業採購「在地蔬果（地產地消、食在地）」可大幅縮短農產品從產地到餐桌的運輸距離，顯著減少冷鏈冷藏耗能與交通運輸排放之溫室氣體（即有效降低食物里程 Food Miles 與碳足跡），是最核心之綠色餐飲節能減碳作為。
2. 選項(A)高山蔬果涉及水土保持疑慮與下山長途運輸；選項(C)最便宜蔬果不一定符合低碳友善環境；選項(D)國外進口蔬果跨國空運或海運耗費巨量化石能源，食物里程與碳排極高。"
201,暑期練習7/13,為了減少港口區域的空氣污染，哪些措施被採用？,增加船舶數量以分散污染,使用低硫燃油和岸電設施,建設更多的工業區,減少貨物進出口,(B) 使用低硫燃油和岸電設施,"【正確理由 (B)】港口船舶排放是沿海與港區主要空污來源，特別是硫氧化物(SOx)、氮氧化物(NOx)及細懸浮微粒(PM2.5)。採用「低硫燃油」（符合國際海事組織IMO限硫令標準）可從源頭大幅減少燃燒產生的SOx；「岸電設施」（Cold Ironing / Shore Power）則讓船舶靠泊時改接陸上電網供電，關閉船上柴油副機發電機，實現停泊期間零廢氣排放。
【其他選項錯誤】
(A) 增加船舶只會增加總排放負載；
(C) 建設工業區會加劇港區環境污染；
(D) 減少進出口並非環保防制技術，綠港政策旨在兼顧綠色營運與經貿發展。"
202,暑期練習7/13,下列何者「不符合」永續發展的理念？,發展綠色科技,人類發展不超出環境承載力,以環境保護為導向，降低人類生活品質,促進地球村概念，加強國際合作,(C) 以環境保護為導向，降低人類生活品質,"【正確理由 (C)】永續發展（Sustainable Development）的定義為「既滿足當代人的需求，又兼顧後代子孫滿足其需求的發展」，核心精神是追求環境保護、經濟發展與社會公義三者的和諧共存，並非以犧牲或刻意降低人類生活品質為代價，而是透過清潔生產與綠色生活提升生活福祉。
【其他選項說明】
(A) 發展綠色科技能提升能源效率並降低污染；
(B) 人類發展不超出環境承載力（Carrying Capacity）是生態永續的基石；
(D) 跨國合作是應對氣候變遷等全球環境危機的必要手段。"
203,暑期練習7/13,下列關於土石流的防災方法，何者有誤？,建造擋土牆,疏通排水系統,避開災害敏感區,廣泛種植淺根系植物,(D) 廣泛種植淺根系植物,"【正確理由 (D)】水土保持與坡地固土需要深根性喬木與灌木，深層根系能像錨一樣抓住深層岩盤與土壤；若廣泛種植「淺根系植物」（如檳榔或單純短草皮），根系無法深扎，豪雨時土壤吸水重量劇增，淺根植被反而容易整片滑落，加劇土石流與邊坡崩塌風險，故為錯誤防災方法。
【其他選項說明】
(A) 擋土牆與梳子壩等工程可攔阻土石滑落；
(B) 疏通截排水溝可降低邊坡地下水壓與地表沖刷；
(C) 避開土石流潛勢區是國土防災最根本的避災作為。"
204,暑期練習7/13,一般認為職業事故發生的主要原因為何？,工作人員的不安全動作或行為,工作場所噪音干擾,工作場所的照明不佳,工作場所髒亂,(A) 工作人員的不安全動作或行為,"【正確理由 (A)】根據職業安全衛生統計與海因里希（Heinrich）安全法則，絕大多數（約88%以上）的職業災害與意外事故主因來自於「人員的不安全動作或行為」（Unsafe Acts），如未配戴防護具、違規操作、注意力不集中或搶快冒險；其次才是不安全的機械設備與環境條件。
【其他選項說明】
(B)、(C)、(D) 噪音、照明不良、環境髒亂屬於工作場所的「不安全環境/狀態」（Unsafe Conditions），雖是造成分心或事故的誘發因子，但非統計上的最主要核心原因。"
205,暑期練習7/13,關於我國淨零轉型的目標敍述，何者有誤？,確保我國的能源安全,提升產業的海外獲益,引發全民共同落實低碳生活,透過社會溝通降低減碳方案的衝擊,(B) 提升產業的海外獲益,"【正確理由 (B)】臺灣「2050淨零轉型」之核心目標是推動能源轉型、產業轉型、生活轉型與社會轉型四大面向，確保國家能源與環境安全、引導全民低碳生活，並以「公正轉型」降低轉型對勞工與弱勢的衝擊，其核心政策目的並非單純「提升產業的海外獲益」，故為錯誤選項。
【其他選項說明】
(A) 提升再生能源自主比率能強化能源安全；
(C) 生活轉型鼓勵全民實踐淨零綠生活；
(D) 社會轉型強調透過社會溝通降低減碳衝擊。"
206,暑期練習7/13,根據「淨零政策與法規」影片，巴黎協定的目標是將全球平均氣溫增加限制在多少度以內？,1度,1.5度,2度,5度,(C) 2度,"【正確理由 (C)】2015年通過的《巴黎協定》（Paris Agreement）第二條明確訂定法定長期目標：將全球平均氣溫上升幅度控制在工業化前水準的「2℃以內」，並致力將升溫限制在「1.5℃以內」。題目對應公約法定基準目標為2度。
【其他選項說明】
(A) 1度目前全球升溫已接近或超過；
(B) 1.5度是各國努力追求的理想控制上限；
(D) 5度將帶來徹底毀滅性的氣候崩潰。"
207,暑期練習7/13,下列何者對以後的子孫在環境資源上的使用比較公平？,資源應該全在有錢人手上,資源不應任意浪費,增加貧富差距,資源永遠用不完可以任意浪費,(B) 資源不應任意浪費,"【正確理由 (B)】「世代正義」（Intergenerational Equity）是永續發展與環境倫理的核心，主張當代人在利用自然資源時應謹慎節制、珍惜不浪費，以保留足夠的資源與良好的生態環境給未來世代享有同等生存發展的機會。
【其他選項說明】
(A)、(C) 違反環境正義與社會公平原則；
(D) 地球自然資源大多具稀缺性與耗竭性，任意浪費會迅速耗盡資源並損害子孫權益。"
208,暑期練習7/13,全球已經有多少國家提出2050淨零排放的宣誓與行動？,70多國,90多國,110多國,130多國,(D) 130多國,"【正確理由 (D)】自聯合國推動氣候行動與COP26格拉斯哥氣候峰會以來，全球已有超過「130多個國家」公開宣誓並推動立法或政策行動，承諾在2050年達成淨零排放（Net Zero Emissions），涵蓋全球近90%的GDP與溫室氣體排放量。
【其他選項說明】
(A)、(B)、(C) 為早期倡議推廣階段的數據，目前已廣泛增加至130多國以上。"
209,暑期練習7/13,關於生物多樣性的敘述何者正確？,小的生態系中，一物種消失，對食物網的穩定性影可響將愈雨小水回收利,生物棲息環境變化少的生態系，生物多樣性愈高,單一樹種的育林方式有利於生態系的穩定，並能避免病蟲害的侵犯,生物多樣性愈高，生態系愈容易維持平衡穩定,(D) 生物多樣性愈高，生態系愈容易維持平衡穩定,"【正確理由 (D)】生態學原理指出，生物多樣性（物種多樣性、基因多樣性、生態系多樣性）越高，食物網越錯綜複雜、生態棲位越豐富，當其中單一物種受干擾或減少時，其他物種能發揮功能替代與緩衝作用，因此生態系的自我調節與恢復力（Resilience）越強，越容易維持穩定。
【其他選項錯誤】
(A) 規模小或物種單一的生態系食物網簡單，單一物種消失會引發嚴重的連鎖破壞；
(B) 棲地異質性與變化豐富的環境才能孕育更高的生物多樣性；
(C) 單一樹種造林（Monoculture）結構脆弱，極易爆發大規模病蟲害。"
210,暑期練習7/13,下列何者是超抽地下水所產生的狀況？,河川枯竭,珊瑚死亡,土地生產力提高,近海土地鹽化,(D) 近海土地鹽化,"【正確理由 (D)】過度抽取地下水會導致地下水位急遽下降，使地下水水壓低於海水水壓，造成海水向陸地入滲入侵（Seawater Intrusion），使得沿海地區地下水含鹽量上升並引發「近海土地鹽化」，同時伴隨嚴重的地層下陷。
【其他選項說明】
(A) 河川枯竭主因是降雨減少、旱災或上游攔截引水；
(B) 珊瑚死亡主因是海水暖化白化與陸源沉積物污染；
(C) 土地鹽化與地層下陷會導致農作物枯死、土地生產力嚴重劣化。"
211,暑期練習7/13,請問下列哪一個選項最能代表「從搖籃到搖籃」(cradle to cradle)的設計思維？,產品在使用後成為垃圾，進入垃圾填埋場。,產品的設計、生產及回收模仿自然界的新陳代謝系統，所有的廢棄物都可以變成資源。,產品的設計只考慮生產成本，而不考慮環境影響。,產品在消費使用後成為廢棄物，不再具有任何價值。,(B) 產品的設計、生產及回收模仿自然界的新陳代謝系統，所有的廢棄物都可以變成資源。,"【正確理由 (B)】【從搖籃到搖籃】（Cradle to Cradle, C2C）由麥唐諾與布朗嘉提出，徹底顛覆傳統「開採-製造-丟棄」的「從搖籃到墳墓」線性模式，主張仿效大自然的新陳代謝循環，將材料區分為「生物循環」與「工業循環」，實現「廢棄物即養分、垃圾即資源」的永續封閉循環。
【其他選項說明】
(A)、(D) 屬於傳統線性經濟（搖籃到墳墓）之廢棄物思維；
(C) 忽視環境外部成本，背離生態設計理念。"
212,暑期練習7/13,根據國家氣候變遷科學報告，如果氣候變遷未被控制，臺灣的高山森林面積會有什麼變化？,增加面積,減少面積,向低海拔移動,保持不變,(B) 減少面積,"【正確理由 (B)】根據臺灣氣候變遷科學報告，隨著暖化加劇，各林相適合生長的等溫線往高海拔推移，高山森林生態系（如高山寒原、冷杉林、鐵杉林）被迫向更高山頂退縮。然而臺灣山峰高度有限，形成「頂端效應」（Mountaintop Extinction），高山特有森林因無處可退而面臨面積大幅縮減與局部滅絕危機。
【其他選項錯誤】
(A) 高山寒溫帶林因棲地被擠壓而無法增加；
(C) 暖化促使林相向高海拔而非低海拔遷移；
(D) 氣候變遷對高山植被分布有劇烈衝擊。"
213,暑期練習7/13,工業廢水中造成土壤重金屬污染的物質有哪些？,砷,鉻,汞,以上皆是,(D) 以上皆是,"【正確理由 (D)】未經妥善處理的工業廢水（如電鍍業、皮革業、化工及半導體產業等）常含有多種毒性重金屬與類金屬元素，包含砷（As）、六價鉻（Cr）、汞（Hg）、鎘（Cd）、鉛（Pb）、鎳（Ni）等，進入土壤後不易被分解，會在土壤中長年蓄積並透過農作物進入食物鏈造成生物累積。
【其他選項說明】(A)、(B)、(C) 均為我國《土壤及地下水污染整治法》列管之重點重金屬污染物。"
214,暑期練習7/13,霧和霾在相對濕度上的區別是什麼？,霧在乾燥空氣中形成，相對濕度低於75%,霾在潮濕空氣中形成，相對濕度高於75%,霧在潮濕空氣中形成，相對濕度高於75%,霾在乾燥空氣中形成，相對濕度高於75%,(C) 霧在潮濕空氣中形成，相對濕度高於75%,"【正確理由 (C)】氣象學上區分「霧」與「霾」的核心環境物理指標為相對濕度：「霧」（Fog）是由水汽凝結成的小水滴組成，發生在潮濕大氣環境中，相對濕度通常「高於 75%」（甚至達 90% 以上）；而「霾」（Haze）是由乾燥懸浮固體顆粒物（如 PM2.5、沙塵）組成，主要出現在空氣相對乾燥的條件下（相對濕度通常「低於 75%~80%」）。
【其他選項錯誤】(A)、(B)、(D) 皆顛倒或混淆了霧與霾的形成濕度條件。"
215,暑期練習7/13,過去引進小花蔓澤蘭來綠化環境，今日這種植物已經在臺灣中南部地區造成許多原生植物死亡，甚至危害農作物，因此有綠色癌症之稱，關於此現象，下列哪個選項是正確的敘述？,不當引入外來生物，可能破壞原本的生態平衡,這是天擇的結果，應讓其自然演化,應多引入外來種昆蟲，以控制此植物的繁衍,外來種植物可增加本地的生物多樣性,(A) 不當引入外來生物，可能破壞原本的生態平衡,"【正確理由 (A)】小花蔓澤蘭原產於中南美洲，引進後因在臺灣缺乏天敵天候適宜，其生長極快且能蔓延覆蓋整片林木，遮蔽陽光導致下層原生植物枯死，嚴重破壞本土生態平衡與農業生產，是典型外來入侵物種（IAS）造成生態浩劫的例證。
【其他選項錯誤】
(B) 這是人為不當引入造成的公害，非自然天擇；
(C) 未經嚴謹評估隨意引入外來天敵極易引發二次生態災難；
(D) 具侵略性的外來種會淘汰大量原生種，使整體生物多樣性銳減。"
216,暑期練習7/13,如何增加衣服使用的壽命?,定期整理衣櫃,二手衣物交流,嘗試舊衣改造,以上皆是,(D) 以上皆是,【正確理由 (D)】推動永續時尚與紡織循環經濟，可以透過：(A) 定期整理衣櫃避免衣物受潮發霉與重複浪費購買；(B) 二手衣物交換或捐贈使衣物在不同使用者間延續生命；(C) 舊衣改造（Upcycling）將舊衣變換風格再利用。三者皆是延長衣服使用壽命與減廢的有效途徑。
217,暑期練習7/13,文化資產保存法有七大項，其中之一的自然地景指的是什麼？,蘊藏過去人類生活所遺留具歷史文化意義之遺物,具保育自然價值之自然區域、地形、植物及礦物,與國民生活有關之傳統並有特殊文化意義之風俗,流傳於各族群與地方之傳統技藝與藝能,(B) 具保育自然價值之自然區域、地形、植物及礦物,"【正確理由 (B)】依據我國《文化資產保存法》第3條定義，「自然地景」與「自然紀念物」指具保育自然價值之自然區域、特殊地形、地質現象、珍貴稀有植物及礦物。
【其他選項說明】
(A) 為「考古遺址」；
(C) 為「民俗」；
(D) 為「傳統工藝」或「傳統表演藝術」等無形文化資產。"
218,暑期練習7/13,何者含量太低時會在短時內造成魚類死亡？,水中含氧量,有機物質,氨氮含量,總磷含量,(A) 水中含氧量,"【正確理由 (A)】魚類主要依賴水中「溶氧」（DO, Dissolved Oxygen）通過鰓部進行氣體交換維持生命。當水體遭受有機污染好氧分解或水溫過高導致溶氧量降至 2 mg/L 以下時，魚類會因嚴重缺氧而在短時間內集體窒息暴斃（俗稱翻肚）。
【其他選項說明】
(B)、(C)、(D) 有機物、氨氮、總磷濃度「過高」才會造成水質惡化與毒害，濃度太低並不會造成魚類窒息死亡。"
219,暑期練習7/13,下列何種噪音類型的分貝數最大?,飛機起降,民俗噪音,營建工地,市場叫賣聲,(A) 飛機起降,"【正確理由 (A)】噴射客機在起飛與降落時所產生的噴射發動機噪音，近距離測量可高達 120~140 分貝（dB(A)），達到甚至超過人耳聽覺痛閾（130 dB），是選項中瞬間音量與能量最大的噪音源。
【其他選項說明】
(B) 民俗爆竹約 80~100 分貝；
(C) 工地重型機具約 80~100 分貝；
(D) 市場叫賣約 70~80 分貝。"
220,暑期練習7/13,我國河川揚塵可能發生的原因為何？,河川有大量裸露地,河川水量暴漲,河川襲奪現象產生,河川產生下切現象,(A) 河川有大量裸露地,"【正確理由 (A)】臺灣河川多為荒溪型河川，枯水期水位大幅下降，廣闊河床砂石裸露；在秋冬東北季風強風吹拂下，乾燥河床裸露地的細微砂粒被強烈捲揚至空中，形成嚴重的「河川揚塵」（如濁水溪、卑南溪的風飛砂問題），造成空氣懸浮微粒濃度急遽上升。
【其他選項說明】
(B) 水量暴漲時河床被淹沒，不會產生風蝕揚塵；
(C) 河川襲奪與 (D) 下切侵蝕是漫長的地貌地質演變過程，非河川揚塵的主因。"
221,暑期練習7/13,以下屬於外來入侵物種的共有幾種？甲、吳郭魚 | 乙、小花蔓澤蘭 | 丙、福壽螺 | 丁、布袋蓮,1種,2種,3種,4種,(D) 4種,"【正確理由 (D)】題目所列 4 種生物全數皆為臺灣嚴重的外來入侵物種（共有 4 種）：
甲. 吳郭魚：原產於非洲，適應力強，壓縮本土淡水魚類生存空間；
乙. 小花蔓澤蘭：原產於中南美洲，攀附覆蓋林木致死，號稱綠色癌症；
丙. 福壽螺：原產於南美洲，大量啃食水稻等農作物幼苗造成農業重創；
丁. 布袋蓮：原產於南美洲，迅速增殖覆蓋水面阻塞渠道並導致水質缺氧。"
222,暑期練習7/13,"如果要蓋一座符合環保概念的園區，下列哪個選項的作為""不適合""出現？",採購進口建材,選購節能標章的設施,採用太陽能發電系統,利用風力發電,(A) 採購進口建材,"【正確理由 (A)】進口建材須經長距離國際海運或空運，產生高額的「碳足跡」（Carbon Footprint）與運輸能耗。環保綠建築核心原則之一為「使用在地建材」（Local Materials），以減少運輸能源消耗並支持在地產業，故採購進口建材不適合出現在環保園區中。
【其他選項說明】(B) 節能標章設備、(C) 太陽能及 (D) 風力發電皆為提升能效與推廣再生能源的綠色作為。"
223,暑期練習7/13,關於將廚餘從一般垃圾中分出來的敍述，何者為非？,能夠減少垃圾放置時所產生的惡臭,能夠用以填土造地,能夠增加垃圾焚化時的能源效率,能夠減少戴奧辛的產生及傳播機率,(B) 能夠用以填土造地,"【正確理由 (B)】未經熟化處理的生廚餘含水量高且富含有機質，若直接用於填土造地，會在土壤中厭氧腐敗發酵，產生惡臭、高濃度污染滲出水污染地下水與土壤，並釋放易燃甲烷氣體，絕不能直接用以填土造地，故 (B) 為錯誤敘述。
【其他選項正確】廚餘水分與鹽分高，分類回收可：(A) 減少垃圾桶惡臭；(C) 提高垃圾焚化爐燃燒熱值與發電效率；(D) 降低焚化爐因燃燒含氯有機物所產生的戴奧辛（Dioxin）。"
224,暑期練習7/13,地球日是每年的哪天?,4月22日,6月5日,6月8日,10月16日,(A) 4月22日,"【正確理由 (A)】世界地球日（Earth Day）定於每年的「4月22日」，起源於1970年美國校園發起的大規模草根環境運動，是全球最具代表性且參與人數最多的跨國環保節日。
【其他選項說明】
(B) 6月5日為「世界環境日」（World Environment Day）；
(C) 6月8日為「世界海洋日」（World Oceans Day）；
(D) 10月16日為「世界糧食日」（World Food Day）。"
225,暑期練習7/13,河川裡重要的植物營養物質為何？,重金屬,氮磷,懸浮固體,水中溶氧,(B) 氮磷,"【正確理由 (B)】「氮（N）」與「磷（P）」是水生植物與藻類生長發育所需的最主要常量營養鹽（Nutrients）。若農田肥料或生活污水大量排入河川，造成水中氮、磷過量，會引發藻類暴增與水體「優養化」（Eutrophication）。
【其他選項說明】
(A) 重金屬具生物毒性；
(C) 懸浮固體會遮蔽陽光阻礙光合作用；
(D) 溶氧為水生動物與好氧微生物呼吸所需，非植物營養肥料。"
226,暑期練習7/13,下列何者「不屬於」減少人為的噪音方式或作為?,電視機音量大小應適中,娛樂場所加裝隔音設備,逢年過節應鼓樂喧天,施工前須做好防護措施,(C) 逢年過節應鼓樂喧天,"【正確理由 (C)】逢年過節若「鼓樂喧天、燃放大量爆竹」，會製造極高分貝的噪音與衝擊波，干擾鄰里安寧與睡眠，屬於增加人為噪音的行為，並非減噪作為。
【其他選項說明】
(A) 居家音量適中、(B) 娛樂場所加裝吸音隔音材料、(D) 營建工地設置隔音帆布與防噪工法，均為有效減少人為噪音的正面措施。"
227,暑期練習7/13,《文化資產保存法》中的自然地景、自然紀念物所指為何？,流傳於各族群與地方之傳統技藝與藝能,指具保育自然價值之自然區域、特殊地形、地質現象、珍貴稀有植物及礦物,與國民生活有關之傳統並有特殊文化意義之風俗,蘊藏過去人類生活所遺留具歷史文化意義之遺物,(B) 指具保育自然價值之自然區域、特殊地形、地質現象、珍貴稀有植物及礦物,"【正確理由 (B)】依據我國《文化資產保存法》第3條，自然地景包括自然保留區與地質公園等具保育價值之自然區域、特殊地形地質；自然紀念物包括珍貴稀有植物、礦物及特殊地形地質現象。
【其他選項說明】
(A) 為傳統工藝/表演藝術；
(C) 為民俗；
(D) 為考古遺址。"
228,暑期練習7/13,以聚乙烯對苯二甲酸酯（PET）為原料的填充容器，俗稱什麼？,鋁箔包,紙容器,寶特瓶,保麗龍,(C) 寶特瓶,"【正確理由 (C)】PET（Polyethylene Terephthalate，聚乙烯對苯二甲酸酯，塑膠回收標誌 1 號）因具透明度高、質輕、耐酸鹼與氣密性佳等特點，廣泛用於吹製飲料容器，俗稱「寶特瓶」。
【其他選項說明】
(A) 鋁箔包由紙、鋁箔與PE複合製成；
(B) 紙容器主體為紙漿塗布PE淋膜；
(D) 保麗龍為發泡聚苯乙烯（PS，6號塑膠）。"
229,暑期練習7/13,關於「淨零排放」的描述，何者正確？,指溫室氣體排放量與碳匯量達成平衡。,代表二氧化碳將被完全捕捉或儲存。,各國協定不再排放溫室氣體，並推動負碳工程，如再生能源等。,表示將達成溫室氣體零排放。,(A) 指溫室氣體排放量與碳匯量達成平衡。,"【正確理由 (A)】「淨零排放」（Net Zero Emissions）是指在特定時間內，人為溫室氣體排放量透過各項減量策略降至最低後，剩餘無法完全消除的排放量，透過自然碳匯（森林、海洋、土壤）吸收或人為碳捕捉與封存（CCUS）全數抵銷，使進入大氣中的「淨排放量等於零」（達成平衡）。
【其他選項錯誤】
(B) 淨零主要靠源頭減量，而非 100% 捕捉；
(C) 再生能源為零碳/低碳替代能源，非負碳工程（負碳工程如直接空氣捕捉DAC、造林等）；
(D) 淨零不等於絕對零排放。"
230,暑期練習7/13,下列何種污水在淡水河流域占較高比例?,事業污水,畜牧污染,生活污染,農業污染,(C) 生活污染,"【正確理由 (C)】淡水河流域貫穿大臺北都會區（雙北、基隆與桃園部分地區），人口高度集中，居住人口達數百萬，因此生活污水（家庭生活雜排水與糞尿水）佔整體流域水污染來源的 70%~80% 以上，為最主要污染源。
【其他選項說明】
(A) 事業工業污水與 (B) 畜牧污染主要分布於中南部農業或特定工業縣市；(D) 農業污染在淡水河流域佔比極小。"
231,暑期練習7/13,下列哪一項是地球暖化對人類的影響？,增加糧食生產,水資源更加充裕,增加傳染病發生機會,環境更適合居住,(C) 增加傳染病發生機會,"【正確理由 (C)】全球暖化使氣溫升高且暖季延長，加速病媒蚊（如傳播登革熱的埃及斑蚊、白線斑蚊）的繁殖發育與活動範圍向高緯度及高海拔擴散，大幅增加登革熱、瘧疾等病媒傳染病的發生機率與傳播風險。
【其他選項錯誤】暖化導致極端旱澇加劇，造成糧食作物減產、淡水資源更加匱乏與乾旱，並引發致命熱浪使人居環境惡化。"
232,暑期練習7/13,根據環境部資源循環署的說明，紙餐具在回收後送到專業處理廠，可以回收再製成什麼？,金屬製品和玻璃製品,纖維製品和木製品,紙製品和塑膠粒,布製品和橡膠製品,(C) 紙製品和塑膠粒,"【正確理由 (C)】廢紙餐具（容器）為防水防油，表面塗有一層聚乙烯（PE）塑膠淋膜。送到專門的紙容器處理廠後，透過水力碎漿機將紙漿纖維與塑膠膜分離，分離出的優質長纖維紙漿可再製成「紙製品」（如再生衛生紙、紙箱），分離出的塑膠膜則經造粒再製成「塑膠粒」（再生塑膠二次料）。
【其他選項說明】紙餐具組成中不含金屬、玻璃、橡膠或原木材料。"
233,暑期練習7/13,下列何種現象可以證明全球暖化正在發生?,北極熊數量增加,高山植物往平地擴散,珊瑚大量增生,冰河面積衰退,(D) 冰河面積衰退,"【正確理由 (D)】全球暖化最直接、客觀且具全球一致性的物理證據為極地與高山「冰川/冰河面積與體積持續衰退消融」（Glacial Retreat），海冰面積萎縮導致全球平均海平面持續上升。
【其他選項錯誤】
(A) 海冰消融導致北極熊棲地破碎化且覓食困難；
(B) 暖化促使高山植物往更高海拔退縮而非平地；
(C) 海水升溫會引發珊瑚大規模白化死亡而非增生。"
234,暑期練習7/13,根據「淨零政策與法規」影片，哪一年聯合國大會決議設立《政府間氣候變化綱要公約談判委員會》？,1985年,1990年,1995年,2000年,(B) 1990年,"【正確理由 (B)】1990年聯合國大會通過第45/212號決議，正式設立「氣候變化綱要公約政府間談判委員會」（INC），開啟各國政府起草公約文本的談判，促成了1992年里約高峰會上《聯合國氣候變化綱要公約》（UNFCCC）的簽署。
【其他年份說明】1985年為維也納臭氧層保護公約簽署年；1995年為COP1柏林會議；2000年為聯合國千禧年宣言。"
235,暑期練習7/13,依照「網際網路購物包裝限制使用對象及實施方式」的規定，網際網路零售業者其紙類包裝材料(箱)需要有多少比例以上的回收紙含量？,25%,50%,75%,90%,(D) 90%,"【正確理由 (D)】環境部公告實施之「網際網路購物包裝限制使用對象及實施方式」明訂，網際網路零售業者所使用之紙類包裝箱（袋），其回收紙混合比例（回收紙含量）必須達「90%以上」，且不得使用聚氯乙烯（PVC）材質。
【其他選項說明】25%、50%、75% 均低於法規標準要求。"
236,暑期練習7/13,若民眾想知道周遭居住環境的懸浮微粒濃度，可至哪個網站查詢?,環境教育終身學習網,綠色生活資訊網,環境影響評估書件查詢系統,空氣品質監測網,(D) 空氣品質監測網,"【正確理由 (D)】環境部建置的「空氣品質監測網」（airtw.moenv.gov.tw）即時公開全臺各自動監測測站的空氣品質指標（AQI）、懸浮微粒（PM10）、細懸浮微粒（PM2.5）濃度數據與未來預報。
【其他選項說明】
(A) 用於登錄與查詢公務員及民眾環境教育時數；
(B) 提供環保標章、綠色採購與綠色餐廳資訊；
(C) 供查詢開發案件之環評公開報告書。"
237,暑期練習7/13,下列哪一種不是溫室氣體的種類?,甲烷,二氧化碳,氧氣,氧化亞氮,(C) 氧氣,"【正確理由 (C)】大氣主要成分「氧氣」（O2）為同核雙原子分子，其分子振動模式無法有效吸收地表散發的長波紅外線輻射，因此「不是」溫室氣體。
【其他選項說明】
(A) 甲烷（CH4）、(B) 二氧化碳（CO2）、(D) 氧化亞氮（N2O）均為《京都議定書》與《巴黎協定》管制的關鍵溫室氣體。"
238,暑期練習7/13,2021年氣候變化綱要公約第26次聯合國締約國大會將「2050淨零碳排」列入全球共識，此協定稱之為何？,巴黎氣候協定,京都議定書,格拉斯哥氣候公約,里約熱內盧氣候協議,(C) 格拉斯哥氣候公約,"【正確理由 (C)】2021年在英國格拉斯哥召開的 UNFCCC COP26 氣候峰會所達成的共同決議稱為《格拉斯哥氣候公約》（Glasgow Climate Pact），正式將「2050淨零碳排」與逐步減少燃煤納入全球決議共識。
【其他選項說明】
(A) 巴黎協定於2015年COP21通過；
(B) 京都議定書於1997年COP3通過；
(D) 里約公約為1992年通過的UNFCCC母約。"
239,暑期練習7/13,為了保育臺灣生態，政府劃定許多不同類別的特殊區域，請問下列哪一種完全不需申請就可直接進入？,自然保留區,野生動物保護區,自然保護區,國家自然公園,(D) 國家自然公園,"【正確理由 (D)】「國家自然公園」（如壽山國家自然公園）依《國家公園法》設立，其宗旨包含提供民眾休閒育樂與環境教育，一般大眾在開放遊憩區域內皆可自由造訪登山，不需事前申請許可。
【其他選項說明】
(A) 自然保留區（依文資法設立，管制最嚴，未經許可嚴禁進入）；
(B) 野生動物保護區（依野保法設立，核心區需申請許可）；
(C) 自然保護區（依森林法設立，管制區需核准後方可進入）。"
240,暑期練習7/13,下列何者對於土壤自淨作用的描述是正確的？,由人類添加化學物分解,主要由微生物分解,透過動物飲食吸收,藉由種植植物吸收,(B) 主要由微生物分解,"【正確理由 (B)】土壤的「自淨作用」（Soil Self-purification）是指土壤受污染後，依靠土壤中豐富的「微生物群落」（細菌、真菌、放線菌等）進行生物降解與代謝，將有機污染物轉化為水、二氧化碳與無害礦物質養分的自然修復過程。
【其他選項錯誤】
(A) 添加化學物屬人工整治非自然自淨；
(C) 動物飲食攝入污染物會造成生物累積中毒；
(D) 植物吸收屬於植生復育手段，非土壤自然自淨之主要機制。"
241,暑期練習7/13,下列何者不符合「淨零綠生活」的生活態度及消費模式?,採購材質單一或使用再生材料的服飾,選擇居住在綠色的建築,選擇提供環保餐具的餐廳用餐,拒絕大量排放溫室氣體的商品,(B) 選擇居住在綠色的建築,"【正確理由 (B)】此題對應官方題庫標準答案 (B)。在淨零綠生活指標中，居住面向推廣綠建築（節能、省水、減廢），而在消費行為上強調源頭減量與綠色選購。
【其他選項說明】(A) 單一材質服飾利於回收再製；(C) 環保餐廳減少免洗餐具；(D) 拒絕高碳排商品均為綠生活消費態度。"
242,暑期練習7/13,聯合國所發表的「二十一世紀議程」(Agenda21)的意義為何？,推動永續發展,發展宇航技術,解決全球金融危機,發展基因改造工程,(A) 推動永續發展,"【正確理由 (A)】1992年在巴西里約熱內盧召開的聯合國環境與發展大會（地球高峰會）通過了歷史性的《二十一世紀議程》（Agenda 21），這是一份為全球各國在21世紀推動「永續發展」（Sustainable Development）制定的全面行動藍圖與綱領。
【其他選項說明】(B) 宇航技術、(C) 金融危機、(D) 基因工程均非《二十一世紀議程》的核心宗旨。"
243,暑期練習7/13,海嘯在深海處的傳遞速度與以下哪一交通工具相當？,噴射機,高鐵,高速公路上的汽車,自行車,(A) 噴射機,"【正確理由 (A)】海嘯在深海的波速取決於水深（波速公式 $v = \sqrt{g \cdot d}$）。在水深 4,000~5,000 公尺的深海大洋中，海嘯傳播速度可達每小時 700~800 公里以上，相當於民航「噴射客機」（Jet Plane）的巡航飛行速度。
【其他選項說明】高鐵（約300 km/h）、汽車（約100 km/h）、自行車（約20 km/h）之速度皆遠慢於深海海嘯。"
244,暑期練習7/13,下列何者「不是」環境部建立空氣品質監測的主要目的？,防制空氣污染,防止紫外線過高,提升空氣品質,掌握監測數據,(B) 防止紫外線過高,"【正確理由 (B)】紫外線指數（UVI）主要是太陽輻射現象，由中央氣象署主責觀測與預報；環境部建置空氣品質監測站主要針對大氣中的化學污染物（PM2.5、PM10、SO2、NO2、CO、O3）進行監測，故防止紫外線過高不是建立空品監測之主要目的。
【其他選項說明】(A) 防制空污、(C) 改善居住生活品質、(D) 掌握即時監測數據以擬定環保政策，皆為空氣品質監測的核心目的。"
245,暑期練習7/13,因為哪一種原因使得生物分布逐漸往高海拔或高緯度移動？,聖嬰現象,臭氧層破洞,酸雨,全球暖化,(D) 全球暖化,"【正確理由 (D)】「全球暖化」使地表平均溫度持續上升，原棲息地的氣溫升高超出許多物種的生理適應範圍，促使動植物逐漸向溫度較低的高海拔山區或高緯度極區遷移以尋找適合的生存棲地。
【其他選項說明】
(A) 聖嬰現象為短期氣候週期震盪；
(B) 臭氧層破洞增加紫外線到達地表；
(C) 酸雨會造成土壤與湖泊酸化，均非導致全球生物分布長期往高緯/高海拔移動的根本原因。"
246,暑期練習7/13,下列有關毒性實驗中的LD50，其敘述何者正確？,LD是指中毒劑量,50是指動物產生中毒的百分比,LD50愈小，致命性愈大,有些化學物質對人類的LD50可以直接測試,(C) LD50愈小，致命性愈大,"【正確理由 (C)】LD50（Median Lethal Dose，半數致死劑量）指在標準毒理實驗中，導致 50% 受試動物死亡所需的化學物質劑量。數值越小，代表只需要極微小的劑量就能使半數生物死亡，因此毒性與致命性越大。
【其他選項錯誤】
(A) LD 代表 Lethal Dose（致死劑量）而非中毒劑量；
(B) 50 指受試動物「死亡」比例達 50%；
(D) 基於醫學與生命倫理，絕對嚴禁以人類為對象進行致死性毒理實驗。"
247,暑期練習7/13,國際志工日是幾月幾日?,4月22日,6月5日,11月12日,12月5日,(D) 12月5日,"【正確理由 (D)】聯合國大會於1985年決議通過，將每年的「12月5日」訂為「國際志工日」（International Volunteer Day, IVD），旨在表彰與鼓勵全球志願服務人員為社會進步與環境保護所做出的貢獻。
【其他選項說明】
(A) 4月22日為世界地球日；
(B) 6月5日為世界環境日；
(C) 11月12日為我國國父誕辰紀念日暨醫師節。"
248,暑期練習7/13,下列哪一個不是「淨零綠生活」中購買的推廣核心?,增加網購便利,二手商品循環使用,綠色消費,以租代購，以修代買,(A) 增加網購便利,"【正確理由 (A)】「增加網購便利」容易刺激衝動消費與過度購買，且網購包裹伴隨大量的包裝廢棄物與物流運輸碳排，並非淨零綠生活的推廣核心。
【其他選項說明】
(B) 二手商品循環、(C) 選購環保標章商品（綠色消費）、(D)「以租代購、以修代買」均為淨零綠生活在消費面的核心推廣理念。"
249,暑期練習7/13,遇公害發生，民眾最常見處理方式為何？,向法院申告,向環保機關檢舉,發函環境部處理,向立法委員反映,(B) 向環保機關檢舉,"【正確理由 (B)】民眾如遭遇噪音、空氣惡臭、廢水偷排或廢棄物堆置等公害事件時，最普遍且迅速有效的處理管道是向「地方政府環保機關（環保局）」檢舉，或撥打全國公害陳情專線（0800-066666），由環保稽查人員立即現地稽查取締。
【其他選項說明】
(A) 法院訴訟耗時昂貴；
(C) 中央環境部負責法規政策，地方稽查由地方環保局主責；
(D) 立法委員為民意代表，非第一線行政稽查執法機關。"
250,暑期練習7/13,根據IPCC的報告，如果地球暖化2度，可能發生什麼事情？,全年結冰,半年結冰,3個月結冰,北極海可能每10年出現一次完全無冰狀態,(D) 北極海可能每10年出現一次完全無冰狀態,"【正確理由 (D)】根據 IPCC《全球升溫 1.5°C 特別報告》，若全球平均氣溫升溫控制在 1.5°C，北極夏季無冰的機率約為每 100 年一次；但若升溫達 2°C，北極夏季完全無冰狀態發生的頻率將大幅激增至「每 10 年至少出現一次」，對極地生態造成災難性崩潰。
【其他選項錯誤】暖化加劇只會導致海冰加速消融，絕不會出現全年或更長時間結冰的情況。"
251,暑期練習7/16,我國的飲用水來源主要為何？,河川水,逆滲透水,海水,回收水,(A) 河川水,"【正確理由 (A)】臺灣自來水供水系統的原水主要取自「地面水」（河川水、水庫蓄水）及部分地下水，經由自來水淨水廠混凝、沉澱、過濾、消毒等標準淨水程序處理後供應為民生飲用水，其中「河川地面水」為最主要的大宗水源。
【其他選項說明】
(B) 逆滲透為終端淨水過濾技術；
(C) 海水淡化僅限離島或少數緊急備援；
(D) 回收再生水目前主要用於工業冷卻與環境澆灌，不得作為飲用水來源。"
252,暑期練習7/16,以臺灣的地形、季風及降雨等氣象條件來說，哪一季節的空氣品質較差？,春,夏,秋,冬,(D) 冬,"【正確理由 (D)】臺灣在「冬季」受到東北季風盛行影響，常挾帶境外污染物南下；同時冬季大氣層結穩定、混合層高度較低，中央山脈阻擋使中南部地區處於背風弱風區，風速微弱且擴散條件極差，污染物極易在近地表累積，因此冬季為臺灣整體空氣品質最差的季節。
【其他選項說明】夏季因對流旺盛、西南季風盛行且常有午後雷陣雨與颱風，洗降與擴散條件佳，空氣品質通常最佳。"
253,暑期練習7/16,請問訂定各縣市「地方調適執行方案」為「氣候變遷調適專章」哪一法條？,第17條,第18條,第19條,第20條,(D) 第20條,"【正確理由 (D)】我國《氣候變遷因應法》第三章「氣候變遷調適」專章中：
- 第17條為國家氣候變遷調適行動計畫；
- 第18條為中央部會領域調適行動方案；
- 第19條為調適執行成果報告；
- 「第20條」明訂直轄市、縣（市）主管機關應訂定「地方氣候變遷調適執行方案」，故為第20條。"
254,暑期練習7/16,下列有關我國「2050淨零轉型」，的四大轉型策略，何者有誤？,能源轉型,產業轉型,生活轉型,環境轉型,(D) 環境轉型,"【正確理由 (D)】國發會公布之臺灣「2050淨零排放路徑」確立的「四大轉型策略」為：1. 能源轉型、2. 產業轉型、3. 生活轉型、4. 社會轉型，官方策略中並無「環境轉型」，故 (D) 為錯誤敘述。
【其他選項說明】(A)、(B)、(C) 皆為官方明訂之核心轉型策略。"
255,暑期練習7/16,根據「淨零政策與法規」影片，哪一年聯合國大會決議設立《政府間氣候變化綱要公約談判委員會》？,1985年,1990年,1995年,2000年,(B) 1990年,"【正確理由 (B)】1990年聯合國大會決議設立「政府間氣候變化綱要公約談判委員會」（INC），為後續UNFCCC公約文本的起草與1992年里約簽署奠定法制基礎。
【其他選項說明】1985年為維也納公約；1995年為COP1；2000年為千禧年發展目標。"
256,暑期練習7/16,下列何者不符合「淨零綠生活」的生活態度及消費模式?,採購材質單一或使用再生材料的服飾,選擇居住在綠色的建築,選擇提供環保餐具的餐廳用餐,拒絕大量排放溫室氣體的商品,(B) 選擇居住在綠色的建築,"【正確理由 (B)】此題為題庫重複題，依官方標準答案為 (B)。在淨零綠生活面向中，推廣綠建築（節能節水）、循環服飾、環保餐飲與低碳綠色採購。
【其他選項說明】(A) 單一再生材料服飾、(C) 環保餐廳、(D) 拒絕高碳商品皆符合綠生活減碳精神。"
257,暑期練習7/16,在污水排放處附近將污水就地淨化，避免污水直接排入河水，此法通常稱之為何?,跨區處理,停滯處理,集中處理,現地處理,(D) 現地處理,"【正確理由 (D)】「現地處理」（On-site / In-situ Treatment）是指在污水截流點或排放口附近，直接利用人工濕地、礫間接觸氧化、碎石氧化床等自然生態淨化工程，就地截流並淨化污水後再放流，避免未處理污水直接污染受納河川。
【其他選項說明】
(C) 集中處理指將污水透過公共污水下水道管線長途收集至大型污水處理廠處理；
(A)、(B) 非水污染處理專業術語。"
258,暑期練習7/16,下列駕駛習慣，哪一個無法達到節能環保的作用？,把車停在陰涼的地方,開車前先暖車,開車保持穩定速度不急催急煞,檢查胎壓,(B) 開車前先暖車,"【正確理由 (B)】現代汽車皆配備電腦噴射供油系統，啟動後慢速起步即可達到暖車效果。原地長時間「怠速暖車」只會白白浪費燃油、增加廢氣與碳排放，並造成引擎內部積碳，是無效且不環保的習慣。
【其他選項說明】
(A) 停陰涼處可降低車室溫度，減少剛上車冷氣能耗；
(C) 平穩駕駛不急踩油門煞車可顯著省油；
(D) 維持正常胎壓可降低輪胎滾動阻力，降低油耗。"
259,暑期練習7/16,根據「氣候變遷與調適政策法規」影片內容，CCUS技術中的第一個C代表什麼？,Capture,Carbon,Climate,Control,(B) Carbon,"【正確理由 (B)】CCUS 全名為「Carbon Capture, Utilization and Storage」（碳捕捉、利用與封存）。字首中：
- 第一個 C 代表「Carbon（碳）」；
- 第二個 C 代表「Capture（捕捉）」；
- U 代表「Utilization（利用）」；
- S 代表「Storage（封存）」。"
260,暑期練習7/16,哪一個行為對環境的衝擊較小？,購買當地自產自銷的芒果,購買冷藏的非產季水果,購買空運冷凍藍莓,購買包裝精緻的進口水果,(A) 購買當地自產自銷的芒果,"【正確理由 (A)】購買「在地生產、當季自產自銷」的在地食材，食物里程（Food Miles）最短，可大幅減少長途運輸、冷藏保鮮與過度包裝所耗費的能源與溫室氣體排放，對生態環境衝擊最小。
【其他選項說明】
(B) 非產季冷藏水果需消耗長期冷庫電力；
(C) 空運與 (D) 進口精裝水果伴隨極高的航空碳排放與包裝廢棄物。"
261,暑期練習7/16,所謂的「淨零排放」是什麼?,不可以排放出任何溫室氣體,讓溫室氣體的排放量達到最低，並利用技術抵銷剩餘的排放量,使用技術移除大氣中所有的溫室氣體,排放別的氣體來對抗溫室氣體,(B) 讓溫室氣體的排放量達到最低，並利用技術抵銷剩餘的排放量,"【正確理由 (B)】「淨零排放」（Net Zero）的核心意義是透過能源轉型、能效提升與生活改變將人為溫室氣體排放降至極小化，再利用森林碳匯、海洋碳匯或碳捕捉（CCUS）等技術完全抵銷剩餘的排放量，達到大氣淨排放平衡。
【其他選項錯誤】
(A) 絕對零排放實務上不可行；
(C) 溫室氣體是維持地球宜居溫度的天然屏障，非全部移除；
(D) 排放其他氣體會引發更嚴重的化學污染。"
262,暑期練習7/16,"2015年,氣候變化綱要公約第21次締約國大會通過巴黎協定，旨在限制全球平均溫度增加在攝氏幾度之內？",1,2,3,4,(B) 2,"【正確理由 (B)】2015年 COP21 通過的《巴黎協定》正式目標是將全球平均氣溫升幅控制在工業革命前水準的「2℃以內」，並努力限制在 1.5℃ 以內。
【其他選項說明】升溫 3℃ 或 4℃ 將帶來全球性極端氣候災難與海平面劇烈上升。"
263,暑期練習7/16,「減碳要淨力，生活要帶綠」影片中提到，環保駕駛應該怎麼做？,開快車,不使用空調,將音響開到最大聲,定期清理車內不必要的雜物,(D) 定期清理車內不必要的雜物,"【正確理由 (D)】車輛載重每增加，引擎能耗與油耗就成正比上升。定期清理後車廂與車內閒置雜物能有效減輕車重，是落實環保駕駛（Eco-driving）與節能減碳的日常重要習慣。
【其他選項說明】
(A) 開快車會使阻力暴增與油耗劇增；
(B) 適度使用空調確保駕駛舒適與行車安全；
(C) 與節能減碳無關。"
264,暑期練習7/16,下列何者是產生沙塵暴的主要原因？,颱風,空氣污染,種植樹木,沙漠化,(D) 沙漠化,"【正確理由 (D)】沙塵暴（Sand/Dust Storm）的成因是在強風與不穩定大氣條件下，乾燥鬆散的沙塵源被揚升至高空。土地過度開墾、過度放牧導致嚴重的「沙漠化」（Desertification），地表失去植被保護與水土保持能力，提供了大量沙塵來源。
【其他選項說明】
(A) 颱風主要帶來豐沛降雨；
(B) 空氣污染為沙塵暴造成的環境結果；
(C) 種植樹木可防風固沙，有效抑制沙塵暴。"
265,暑期練習7/16,以聚乙烯對苯二甲酸酯（PET）為原料的填充容器，俗稱什麼？,鋁箔包,紙容器,寶特瓶,保麗龍,(C) 寶特瓶,"【正確理由 (C)】PET 為聚乙烯對苯二甲酸酯（塑膠回收標誌 1 號），其製造的吹氣成型透明飲料容器在臺灣普遍俗稱「寶特瓶」。
【其他選項說明】
(A) 鋁箔包為紙鋁塑複合材質；
(B) 紙容器主體為紙漿；
(D) 保麗龍為發泡聚苯乙烯（PS）。"
266,暑期練習7/16,以下哪一項是綠色消費的主要精神？,購買便宜的產品,選擇對環境傷害較少的商品,購買最流行的產品,選擇顏色最漂亮的商品,(B) 選擇對環境傷害較少的商品,"【正確理由 (B)】「綠色消費」（Green Consumption）的核心精神是消費者在進行消費行為時，優先考量產品全生命週期對生態環境的影響，選擇具備低污染、省資源、可回收、對環境傷害較少的綠色商品（如具環保標章商品）。
【其他選項說明】便宜、流行與外觀顏色均為傳統消費取向，非綠色消費精神。"
267,暑期練習7/16,根據「減碳要淨力，生活要帶綠」影片內容，生態旅遊的特點是什麼？,價格便宜,時間短,環保、減碳、自然人文的深度旅遊,只適合年輕人,(C) 環保、減碳、自然人文的深度旅遊,"【正確理由 (C)】【生態旅遊】（Ecotourism）強調在欣賞自然生態與體驗地方傳統文化的同時，落實低碳環保原則、減低對旅遊地的環境衝擊，並促進當地社區的永續發展與保育意識，是兼具深度學習與生態保護的永續旅遊型態。
【其他選項說明】價格、時間長短或年齡層均非生態旅遊之本質特徵。"
268,暑期練習7/16,下列何者是臺灣周圍海域的季節性洄游魚類？,黑鮪魚,吳郭魚,香魚,鯰魚,(A) 黑鮪魚,"【正確理由 (A)】【黑鮪魚】（太平洋黑鮪）為大洋性高度洄游性魚類，每年春夏之交（4~6月）會順著溫暖的黑潮海流北上洄游至臺灣東部海域與巴士海峽產卵，是臺灣重要的季節性洄游漁業資源。
【其他選項說明】
(B) 吳郭魚為外來淡水/半鹹水定居魚類；
(C) 香魚為河海洄游性小型魚類；
(D) 鯰魚為純淡水底棲魚類。"
269,暑期練習7/16,若民眾想知道周遭居住環境的懸浮微粒濃度，可至哪個網站查詢?,環境教育終身學習網,綠色生活資訊網,環境影響評估書件查詢系統,空氣品質監測網,(D) 空氣品質監測網,"【正確理由 (D)】環境部建置之「空氣品質監測網」提供全臺即時空氣品質指標（AQI）及 PM2.5、PM10 懸浮微粒濃度查詢。
【其他選項說明】(A) 環境教育時數查詢；(B) 環保標章與綠色消費平台；(C) 環評案件公開系統。"
270,暑期練習7/16,下列何種污水在淡水河流域占較高比例?,事業污水,畜牧污染,生活污染,農業污染,(C) 生活污染,"【正確理由 (C)】淡水河流域貫穿人口極度密集的大臺北都會區，生活污水佔整體污染排放負荷高達七至八成，是淡水河流域最主要的水污染來源。
【其他選項說明】工業事業污染、畜牧污染與農業污染在大臺北都會流域之佔比相對極低。"
271,暑期練習7/16,請問我國於112/2/15修正「溫室氣體減量管理法」為何種法？,氣候變遷因應法,氣侯因應調適專法,淨零碳排專法,氣候變遷調適專章,(A) 氣候變遷因應法,"【正確理由 (A)】我國立法院於民國112年1月三讀通過，總統於112年2月15日正式修正公布，將原《溫室氣體減量及管理法》更名修正為《氣候變遷因應法》（Climate Change Response Act），正式將「2050淨零排放」目標入法並增訂碳費機制與調適專章。
【其他選項說明】(B)、(C)、(D) 皆非立法院通過公布之正式法律名稱。"
272,暑期練習7/16,面對工業科技所造成的環境破壞危機，要如何因應？,逐步將工業轉型為農業,修改憲法禁止工業發展,制定良善的環保法令，兼顧經濟與環境需求,將工業區設在人口稀少的地方,(C) 制定良善的環保法令，兼顧經濟與環境需求,"【正確理由 (C)】現代永續治理強調經濟繁榮與環境永續的平衡。透過制定嚴謹良善的環境法規與排放標準、導入清潔生產技術與環境影響評估機制，方能在確保民生經濟發展的同時，有效預防與控制環境公害。
【其他選項錯誤】
(A) 工業是現代經濟基礎，不可全面倒退為農業；
(B) 全面禁止工業不切實際；
(D) 將污染轉移至偏鄉只是轉嫁污染，無法從源頭解決環境破壞。"
273,暑期練習7/16,〈節能減碳無悔措施全民行動方案〉，提出十項無悔措施供民眾參考實踐。下列何者不屬於十項無悔措施?,自備杯筷帕與袋,冷氣控溫不外洩,出門多開車,多吃蔬食少出肉,(C) 出門多開車,"【正確理由 (C)】節能減碳十項無悔措施宣導的是「出門多搭乘大眾運輸工具、騎自行車或步行」，減少開車；「出門多開車」會增加化石燃油消耗與廢氣排放，完全違背減碳原則。
【其他選項說明】
(A) 自備環保五寶、(B) 冷氣設定26~28度且防冷氣外洩、(D) 每週一日蔬食低碳飲食，皆為經典的十項無悔減碳措施。"
274,暑期練習7/16,下列何者不符合響應「環保餐廳」的三大要點?,做好源頭減量,使用在地食材,拒絕網路推銷,推行惜食點餐,(C) 拒絕網路推銷,"【正確理由 (C)】環境部推動之「環保餐廳」三大要點為：
1.「做好源頭減量」（不提供一次性餐具與塑膠吸管）；
2.「使用在地食材」（優先採用產銷履歷、有機或在地當季食材）；
3.「推行惜食點餐」（提供客製化餐點份量宣導惜食）。
「拒絕網路推銷」為一般商業行銷範疇，非環保餐廳審查要點。"
275,暑期練習7/16,下列何者不是目前臺灣的國家公園?,阿里山國家公園,雪霸國家公園,陽明山國家公園,臺江國家公園,(A) 阿里山國家公園,"【正確理由 (A)】「阿里山」目前在體制上為交通部觀光署主管之「阿里山國家風景區」及林業及自然保育署之國家森林遊樂區，並「不是」內政部國家公園署所轄的「國家公園」。
【其他選項說明】雪霸、陽明山、臺江均為我國正式設立之國家公園（臺灣現有9座國家公園：墾丁、玉山、陽明山、太魯閣、雪霸、金門、東沙環礁、臺江、澎湖南方四島）。"
276,暑期練習7/16,連續五日以上最高氣溫超過平均最高氣溫5°C以上，則稱為「熱浪」，下列何者並非熱浪的成因?,全球暖化,熱島效應,焚風,火災,(D) 火災,"【正確理由 (D)】【火災】是高溫乾燥天候可能引發的局部災害結果，並非造成廣域、大範圍大氣持續極端高溫（熱浪）的根本氣象與大氣成因。
【其他選項說明】
(A) 全球暖化增加極端高溫頻率；
(B) 都市熱島效應導致水泥建材蓄熱阻礙散熱；
(C) 地形焚風帶來乾燥沉降熱風，均為區域高溫熱浪的重要成因。"
277,暑期練習7/16,面臨氣候變遷與極端氣候的衝擊，總統府新成立什麼委員會，採取積極的作為?,國家氣候變遷對策委員會,全社會防衛韌性委員會,健康臺灣推動委員會,國家科學及技術委員會,(A) 國家氣候變遷對策委員會,"【正確理由 (A)】因應氣候危機與推動淨零轉型，總統府於2024年成立由賴清德總統親自召集的「國家氣候變遷對策委員會」，統籌國家氣候調適、綠能轉型與國土韌性政策。
【其他選項說明】
(B) 負責民防與災害防救韌性；
(C) 負責健康醫療照護推廣；
(D) 國科會為行政院常設之部會級行政機關。"
278,暑期練習7/16,影片「減碳要淨力，生活要帶綠」中提到的共享經濟的概念是什麼？,擁有更多財產,出租代替購買,減少工作時間,增加消費,(B) 出租代替購買,"【正確理由 (B)】【共享經濟】（Sharing Economy）的核心概念是「以使用代替擁有、以租賃代替購買」（Access over Ownership），透過共享閒置資產（如共享單車 YouBike、共享汽車、工具租借），提升資源使用效率並大幅減少因過度製造所產生的能耗與碳排放。
【其他選項說明】(A) 擁有更多財產與 (D) 增加消費屬於傳統線性消耗思維；(C) 與共享經濟無直接關聯。"
279,暑期練習7/16,人類進入到下列哪一個時代，溫室效應越趨嚴重？,石器時代,農業時代,金屬器時代,工業時代,(D) 工業時代,"【正確理由 (D)】自18世紀中葉爆發「工業革命」（工業時代）以來，人類開始大規模開採並燃燒煤炭、石油、天然氣等化石燃料，驅動蒸汽機、內燃機與發電廠，排放龐大數量的二氧化碳等溫室氣體，造成大氣中溫室氣體濃度急遽飆升，溫室效應日趨嚴重。
【其他選項說明】石器、農業與金屬器時代的人類能源主要依賴人力、獸力與薪柴，對大氣成分影響極為有限。"
280,暑期練習7/16,臺灣西部遺留了許多早期先民所挖掘的埤塘，下列何者為這些埤塘現今功能之一？,大量農作生產,清洗衣物,工業用水,涵養水源,(D) 涵養水源,"【正確理由 (D)】臺灣西部（如桃園台地）的埤塘系統，在現代除了具備部分農業灌溉與景觀休閒外，更具有「涵養水源、入滲補注地下水、滯洪防汛、調節微氣候以及維繫水鳥濕地生態」等關鍵環境生態功能。
【其他選項說明】(A) 埤塘本身為水體非農作耕地；(B) 洗衣會污染水質已禁止；(C) 工業用水有專用供應系統。"
281,暑期練習7/16,為了讓民眾的「二手物」有合適物品的處理管道，環境部建置了「全國不用品藏寶地圖」網站，下列何者為此網站成立的宗旨?,愛物野生動物，守護美好家園,愛物惜福、延長物命、減廢回收,保護環境，維護生態，世代永續,愛花草，空氣好，環保做不好，生命就難保,(B) 愛物惜福、延長物命、減廢回收,"【正確理由 (B)】環境部資源循環署建置「全國不用品藏寶地圖」網站，整合全臺二手物買賣、維修站點、舊衣回收等資訊，其核心宗旨為宣導「愛物惜福、延長物命、減廢回收」，促進二手物資循環再利用。
【其他選項說明】其餘選項為泛用型環保口號，非該不用品交換平台的專屬成立宗旨。"
282,暑期練習7/16,全臺灣有11個國定遺址，宜蘭境內就有2個，請問是哪兩個？,淇武蘭遺址、新城遺址,大坌坑遺址、十三行遺址,奇立丹遺址、宜蘭農校遺址,丸山遺址、漢本遺址,(D) 丸山遺址、漢本遺址,"【正確理由 (D)】宜蘭縣境內經文化部公告指定的國定考古遺址共有 2 處：
1.「丸山遺址」（位於冬山鄉，為新石器時代晚期重要代表遺址）；
2.「Blihun漢本遺址」（位於南澳鄉，為金屬器時代重要遺址）。
【其他選項說明】
(A) 淇武蘭為宜蘭縣定遺址；
(B) 大坌坑與十三行位於新北市八里區；
(C) 奇立丹為宜蘭縣列冊/縣定遺址。"
283,暑期練習7/16,《華盛頓公約》的目的為何？,促進資源永續利用,防止全球暖化,防止氣候變遷對生態系造成之衝,保護瀕臨絕種生物,(D) 保護瀕臨絕種生物,"【正確理由 (D)】《華盛頓公約》（CITES, 瀕臨絕種野生動植物國際貿易公約）簽署宗旨是透過建立進出口許可證等國際貿易管制機制，防範國際商業貿易危及野生動植物物種的生存，以「保護瀕臨絕種生物」。
【其他選項說明】
(A) 為《生物多樣性公約》的目標之一；
(B)、(C) 為《聯合國氣候變化綱要公約》（UNFCCC）與《巴黎協定》的宗旨。"
284,暑期練習7/16,根據「噪音管制區劃定作業準則」第6條，「夜間」在第一、二類噪音管制區所指時段為何?,晚上十一時至翌日上午七時,晚上十時至翌日上午六時,晚上八時至晚上十時,晚上八時至晚上十一時,(B) 晚上十時至翌日上午六時,"【正確理由 (B)】依據環境部《噪音管制區劃定作業準則》第6條規定，第一類（需極度安寧之文教醫療區）及第二類（純住宅區）噪音管制區中：
-「日間」指上午六時至晚上八時；
-「晚間」指晚上八時至晚上十時；
-「夜間」指「晚上十時至翌日上午六時」。
【其他選項說明】(A) 晚上十一時至翌日七時為部分第三、四類工業區或營運特殊時段標準。"
285,暑期練習7/16,根據「氣候變遷與調適政策法規」影片內容，氣候變遷因應法延續了哪一個法律體系？,溫室氣體減量及管理法,水污染防治法,廢棄物管理法,空氣污染防治法,(A) 溫室氣體減量及管理法,"【正確理由 (A)】我國《氣候變遷因應法》是由2015年制定的《溫室氣體減量及管理法》修正法規名稱與全文條文而來，全面承接並大幅深化了原有的溫室氣體減量管理法律框架。
【其他選項說明】(B) 水污法、(C) 廢清法、(D) 空污法均為我國獨立運作的個別環境公害防治法律。"
286,暑期練習7/16,下列何者「不是」海平面上升後所造成的後果？,人口密度降低,陸地減少,農作物產量減少,農田遭水淹沒,(A) 人口密度降低,"【正確理由 (A)】海平面上升會淹沒沿海低平陸地，使可居住土地面積大幅縮減，逼迫沿海人口向內陸遷徙，造成內陸地區「人口密度大幅增加」（更加擁擠），並引發環境難民問題，因此「人口密度降低」不是海平面上升的後果。
【其他選項說明】(B) 陸地面積淹沒減少、(C) 土地鹽化導致農產減產、(D) 沿海農田遭水淹沒，均為海平面上升帶來的嚴重災難。"
287,暑期練習7/16,下列哪一項不是環保祭祀的方法？,少點線香,減少點蠟燭或光明燈,使用大面額紙錢,燃放煙火,(D) 燃放煙火,"【正確理由 (D)】【燃放煙火爆竹】會釋放大量的懸浮微粒（PM2.5）、硫氧化物、重金屬粉塵與強烈噪音，容易引發火災與嚴重空污，絕非環保祭祀方式。
【其他選項說明】
(A) 少點線香（一爐一香或以心香代香）；
(B) 採用 LED 節能燈取代傳統蠟燭；
(C) 使用大面額紙錢（以大代小，減少燃燒總量）並配合集中焚燒，均為政府大力推廣的環保祭祀措施。"
288,暑期練習7/16,下列何種購物行為「沒有」綠色消費觀念？,買咖啡自備環保杯,購買天然殺蟲劑，減少環境污染,不接受店家提供的免費塑膠袋,單次使用、用過即丟的商品較衛生,(D) 單次使用、用過即丟的商品較衛生,"【正確理由 (D)】認為「單次使用、用過即丟」的一次性用品較好的觀念，會製造大量塑膠與不可分解垃圾，消耗寶貴資源並加重焚化爐與環境負擔，是典型的線性浪費思維，完全背離綠色消費觀念。
【其他選項說明】(A) 自備環保杯、(B) 選用低毒天然防蟲產品、(C) 拒絕免費塑膠袋，均為良好的綠色消費實踐。"
289,暑期練習7/16,何者位於臺灣東部外海的海洋？,大西洋,臺灣海峽,太平洋,南海,(C) 太平洋,"【正確理由 (C)】臺灣地理位置東側緊鄰世界最大的大洋——「太平洋」，黑潮主流沿臺灣東部太平洋外海向北流動。
【其他選項說明】
(A) 大西洋位於美洲與歐非大陸之間；
(B) 臺灣海峽位於臺灣西方；
(D) 南海位於臺灣西南方。"
290,暑期練習7/16,以下關於「原住民族地區」的敘述何者正確？,係指所有原住民現在居住地區,係指原住民報請政府後指定居住地,係指原住民傳統居住，具歷史淵源及文化地區,係指原住民族與漢人新舊文化融合地區,(C) 係指原住民傳統居住，具歷史淵源及文化地區,"【正確理由 (C)】依據《原住民族基本法》第2條及相關法規規定，「原住民族地區」係指原住民族傳統居住，具有歷史淵源及文化特色，並經行政院核定之原住民族聚居之鄉（鎮、市、區）。
【其他選項說明】(A) 都會區原住民散居地非原住民族地區；(B)、(D) 皆不符合法定定義。"
291,暑期練習7/16,家戶垃圾最好的處理方式為何？,源頭減量,衛生掩埋,焚化爐焚燒,棄置山溝,(A) 源頭減量,"【正確理由 (A)】在國際公認的廢棄物管理金字塔（Waste Hierarchy）中，最優先且效益最高的策略是「源頭減量與預防」（Source Reduction / Waste Prevention），從源頭減少浪費與垃圾產生；其次為重複利用、回收再製、焚化發電，最後才是掩埋。
【其他選項說明】
(B) 掩埋佔用土地且有滲出水風險；
(C) 焚化屬管末處理且會排放溫室氣體；
(D) 棄置山溝為嚴重破壞生態的違法棄置公害行為。"
292,暑期練習7/16,下列哪一種被認定是含有有害物質的廢棄物？,乾電池,麵包,玻璃,衣服,(A) 乾電池,"【正確理由 (A)】廢「乾電池」（含錳鋅、鹼性、鈕扣型、鋰電池等）內部含有重金屬（如鋅、錳、鎳、鎘、汞、鉛等）與酸鹼電解液，隨意丟棄若外殼銹蝕滲漏會嚴重污染土壤與地下水，故被法規列管為含有害物質的特定資源回收物。
【其他選項說明】
(B) 麵包為有機廚餘；
(C) 玻璃為無害可回收物；
(D) 衣服為一般舊衣/紡織廢棄物。"
293,暑期練習7/16,環境部為避免露營產生的污水，直接排放污染水體，於113年1月16日修正公告「禁止足使水污染行為」之污水處理新規定，適用於哪些地區?,所有露營場,都市露營場,中低海拔露營場,水污染管制區露營場,(D) 水污染管制區露營場,"【正確理由 (D)】環境部為保護重要水源水質，於民國113年1月16日修正公告「禁止足使水污染行為」，明定凡位於「水污染管制區」範圍內的露營場，其產生的沖洗式廁所排水及生活雜排水，均必須設置符合規定之污水處理設施並妥善處理放流，不得直接排入污染水體。
【其他選項說明】法規管制適用範圍係以「水污染管制區」為法定劃定依據。"
294,暑期練習7/16,根據「淨零政策與法規」影片，巴黎協定的目標是將全球平均氣溫增加限制在多少度以內？,1度,1.5度,2度,5度,(C) 2度,"【正確理由 (C)】《巴黎協定》第二條確立的法定核心減碳目標為將全球平均氣溫升幅控制在工業革命前水準之「2℃以內」，並努力爭取限制在 1.5℃ 以內。
【其他選項說明】1.5度為理想奮鬥目標，協定法定基礎基準上限為2度。"
295,暑期練習7/16,臺灣地震的發生，大部分是由於下列哪種原因所造成的？,火山爆發,板塊碰撞引起地層擠壓,山崩,海嘯,(B) 板塊碰撞引起地層擠壓,"【正確理由 (B)】臺灣位於環太平洋地震帶上，地處「菲律賓海板塊」與「歐亞板塊」的聚合碰撞交界帶。兩大板塊長期持續擠壓碰撞，累積巨大地殼應力導致岩層破裂錯動（斷層活動），因此臺灣 95% 以上地震皆屬於構造性板塊碰撞地震。
【其他選項說明】
(A) 火山地震在臺灣極罕見；
(C) 山崩為地震或豪雨誘發的地質災害結果；
(D) 海嘯為海底地震引發的海浪波浪，非地震成因。"
296,暑期練習7/16,霧和霾的區別主要是什麼？,顏色和成分,顏色和溫度,成分和濕度,成分和時間,(C) 成分和濕度,"【正確理由 (C)】大氣科學上區分「霧」與「霾」的最根本依據為「成分」與「濕度」：
-「霧」的主要成分為微小水滴或冰晶，存在於相對濕度高（通常大於75%~90%）的潮濕空氣中；
-「霾」（煙霾/塵霾）的主要成分為懸浮微粒（PM2.5、化學污染物、煙塵等固體顆粒），存在於相對濕度低（通常低於75%）的乾燥空氣中。
【其他選項說明】顏色與持續時間為次要外觀特徵，成分與濕度才是科學物理本質區別。"
297,暑期練習7/16,2019年全球溫室氣體排放量約500億噸，臺灣的溫室氣體總排放量，大約多少億噸？,1億噸至2億噸,2億噸至3億噸,3億噸至4億噸,4億噸至5億噸,(B) 2億噸至3億噸,"【正確理由 (B)】依據環境部編纂之《國家溫室氣體排放清冊報告》，2019年臺灣溫室氣體總排放量（不含土地利用、土地利用變化及林業碳匯）約為 2.87 億公噸二氧化碳當量（CO2e），落在「2億噸至3億噸」區間內，約佔全球總排放量之 0.56%。
【其他選項說明】(A)、(C)、(D) 均偏離臺灣實際排放清冊統計數據。"
298,暑期練習7/16,屏東林邊的地層下陷原因為何？,超抽地下水,颱風導致,積水不退,地震導致,(A) 超抽地下水,"【正確理由 (A)】屏東林邊、佳冬等沿海地區早期因水產養殖業（鰻魚、石斑魚、草蝦等高經濟魚塭）蓬勃發展，業者大量長期超抽地下水以調節養殖水質與水溫，導致深層地下水位劇降、孔隙水壓流失與黏土層壓密，引發嚴重的永久性「地層下陷」。
【其他選項說明】
(B)、(C) 颱風與積水不退是地層下陷後地面低於海平面所導致的易淹水災情結果；
(D) 地震非林邊下陷主因。"
299,暑期練習7/16,有關當前在進行碳匯碳捕捉的最新技術CCUS，請問按照CCUS之順序排列而下，何者敘述有誤？,Carbon.碳,Capture.捕捉,Utilization使用率,Separate.分離,(D) Separate.分離,"【正確理由 (D)】CCUS 四個英文字母代表之標準英文詞彙依序為：
- C: Carbon（碳）
- C: Capture（捕捉）
- U: Utilization（利用 / 再利用）
- S: Storage（封存 / 儲存）
選項 (D) 將代表 S 的 Storage 誤寫為 Separate（分離），故 (D) 為錯誤敘述。"
300,暑期練習7/16,下列何者不是目前常見的氣象衛星雲圖？,可見光雲圖,紅外線雲圖,紫外線雲圖,水氣頻道雲圖,(C) 紫外線雲圖,"【正確理由 (C)】氣象衛星常規觀測雲圖主要包含：
1.「可見光雲圖」（Visible Imagery，利用雲層對太陽光之反射率，夜間無法使用）；
2.「紅外線雲圖」（Infrared Imagery，測量雲頂輻射溫度推算雲高，全天候可用）；
3.「水氣頻道雲圖」（Water Vapor Imagery，觀測中高層大氣水氣分布）。
太陽「紫外線」（UV）多被高層大氣與臭氧層強烈吸收，且地表與雲頂幾乎不發射紫外線輻射，因此氣象上不使用紫外線雲圖來觀測天氣系統。
【其他選項說明】可見光、紅外線與水氣頻道皆為目前全球氣象預報的核心衛星雲圖種類。"
301,暑期練習7/20,下列何種法規是目前臺灣沒有特別公告的？,噪音管制法,水污染防治法,振動管制法,環境影響評估法,(C) 振動管制法,"【正解】：(C)
【解析】：
1. 正確選項 (C)：臺灣現行環境保護法規體系中，已針對各類環境介質與污染行為制定專門法律（如《空氣污染防制法》、《水污染防治法》、《噪音管制法》、《廢棄物清理法》、《土壤及地下水污染整治法》、《環境影響評估法》等），但目前並未單獨制定或特別公告《振動管制法》（振動相關防制多附隨於工廠管理、營建工程管理或噪音指引中規範，尚無獨立專法）。
2. 其他選項說明：
- (A)《噪音管制法》：我國於民國72年即制定公布，現行有效。
- (B)《水污染防治法》：我國於民國63年制定公布，現行有效。
- (D)《環境影響評估法》：我國於民國83年制定公布，現行有效。"
302,暑期練習7/20,關於地質公園的敘述，何者正確？,地質公園定義為擁有觀光價值的場域，並包含地質、考古及文化價值。,聯合國世界旅遊組織希望透過公園促進生態旅遊而推動,地質公園計畫前身是法國非政府組織「世界地質公園網絡」,我國的野柳地質公園即是受核可的世界地質公園,(C) 地質公園計畫前身是法國非政府組織「世界地質公園網絡」,"【正解】：(C)
【解析】：
1. 正確選項 (C)：地質公園（Geopark）的概念起源於1990年代歐洲，2004年由聯合國教科文組織（UNESCO）協助於巴黎成立了非政府組織「世界地質公園網絡」（Global Geoparks Network, GGN），成為推動全球地質公園發展的先驅組織，後續於2015年正式轉型納入聯合國教科文組織的「國際地質與地質公園計畫」（IGGP）。
2. 其他選項說明：
- (A) 地質公園的核心定義著重於「具有國際地質科學意義、珍貴性與代表性的地貌地景」，結合地質保育、環境教育與社區永續發展，並非單純以「觀光價值」為主要定義。
- (B) 地質公園是由「聯合國教科文組織（UNESCO）」所倡議推動，而非聯合國世界旅遊組織（UNWTO）。
- (D) 臺灣因非聯合國會員國，野柳地質公園等雖依我國《文化資產保存法》公告為地方/國家級地質公園，但尚未獲得UNESCO正式認證為「世界地質公園（UNESCO Global Geoparks）」名錄。"
303,暑期練習7/20,登革熱是一種環境病、社區病，需清除病媒蚊孳生源，請問以下列何者是防範登革熱的口號?,「看、倒、沖、洗」,「巡、倒、沖、洗」,「查、倒、沖、洗」,「巡、倒、清、刷」,(D) 「巡、倒、清、刷」,"【正解】：(D)
【解析】：
1. 正確選項 (D)：登革熱病媒蚊（埃及斑蚊及白線斑蚊）喜好在乾淨且不流動的積水容器中產卵繁衍。衛生福利部疾病管制署與環境部長期推廣清除病媒蚊孳生源的四大標準口訣為「巡、倒、清、刷」：
   - 「巡」：經常巡視家戶內外積水容器；
   - 「倒」：倒掉積水並將容器倒置；
   - 「清」：清除廢棄不用的容器；
   - 「刷」：刷洗容器內壁以徹底去除附著的蟲卵。
2. 其他選項說明：(A)、(B)、(C) 皆非官方防治登革熱標準口號。"
304,暑期練習7/20,有關行政院環境保護署推動的資源永續循環再利用(3R)的正確流程，下列敘述何者正確？,源頭減量→回收→再使用,回收→源頭減量→再使用,再使用→源頭減量→回收,源頭減量→再使用→回收,(D) 源頭減量→再使用→回收,"【正解】：(D)
【解析】：
1. 正確選項 (D)：資源永續循環的 3R 原則遵循廢棄物管理階層（Waste Hierarchy）的優先順序：
   - 第一優先：Reduce（源頭減量）——從源頭減少資源消耗與廢棄物產生；
   - 第二優先：Reuse（再使用／重複使用）——將物品不經質變重複利用或轉給他人使用；
   - 第三優先：Recycle（回收再利用）——將廢棄物經物理或化學加工再製為再生原料。
   因此正確流程與優先級為「源頭減量 → 再使用 → 回收」。
2. 其他選項說明：(A)、(B)、(C) 均顛倒或打亂了 3R 的層級順序。"
305,暑期練習7/20,有關二氧化碳和氧氣的敘述，下列哪個選項是正確的？,汽水的主要成分是溶入氧氣的碳酸水,氧氣不助燃的特性，可作為滅火器使用,酵母菌的發酵作用會產生氧氣，使麵包膨鬆,動物呼出的氣體含有二氧化碳,(D) 動物呼出的氣體含有二氧化碳,"【正解】：(D)
【解析】：
1. 正確選項 (D)：動物透過細胞呼吸作用消耗氧氣、氧化分解葡萄糖產生能量，並將代謝產生的二氧化碳經由血液循環與肺部（或呼吸器官）呼出體外，因此呼出氣體中含有二氧化碳（約佔 4~5%）。
2. 其他選項說明：
- (A) 汽水是利用高壓將「二氧化碳（CO2）」溶於水形成碳酸水，非溶入氧氣。
- (B) 氧氣具「助燃性」，會加劇燃燒；「二氧化碳」不助燃且比空氣重，才常用於滅火器。
- (C) 酵母菌進行酒精發酵時會釋放「二氧化碳（CO2）」，二氧化碳受熱膨脹才使麵包內部形成氣孔而蓬鬆。"
306,暑期練習7/20,黑面琵鷺是世界上非常稀少的鳥種，被列為瀕臨滅絕動物保護，每年9月至10月抵臺，一直待到翌年的3月至5月左右，才陸續飛離臺灣。請問黑面琵鷺主要分布在哪一個地區?,東歐,西亞,東亞,南美洲,(C) 東亞,"【正解】：(C)
【解析】：
1. 正確選項 (C)：黑面琵鷺（Black-faced Spoonbill）是全球瀕危物種，屬於「東亞-澳大利西亞遷徙線」上的代表性候鳥。其繁殖地在朝鮮半島西側外海無人島及中國東北、俄羅斯遠東，每年秋季南遷至「東亞」沿海地區（如臺灣臺南七股、嘉義布袋、香港米埔、中國華南、越南紅河三角洲等）度冬。
2. 其他選項說明：(A) 東歐、(B) 西亞、(D) 南美洲皆非黑面琵鷺的繁殖地或越冬分佈區域。"
307,暑期練習7/20,下列那個濕地位於鳳凰山脈與阿里山山脈嶺線分界點，且植物界線分明？,椬梧濕地,大湳湖濕地,草湳濕地,草坔濕地,(D) 草坔濕地,"【正解】：(D)
【解析】：
1. 正確選項 (D)：草坔濕地（位於南投縣竹山鎮與鹿谷鄉交界處）地處鳳凰山脈與阿里山山脈的稜線分界點，屬於特殊的高山森林泥炭沼澤濕地，水文條件特殊，周邊植被隨地形與濕度呈現極為分明的生態界線。
2. 其他選項說明：
- (A) 椬梧濕地：位於雲林縣口湖鄉，為平原滯洪池濕地。
- (B) 大湳湖濕地：位於南投縣埔里鎮大湳地區。
- (C) 草湳濕地：位於南投縣埔里鎮桃米生態村，屬低海拔淡水草澤。"
308,暑期練習7/20,下列哪一種元素會使土壤產生紅色的現象？,鉻(ㄍㄜˋ),鐵,銅,硫,(B) 鐵,"【正解】：(B)
【解析】：
1. 正確選項 (B)：紅壤（紅土）是在高溫多雨的氣候條件下，土壤經過強烈淋溶作用，易溶的鹼金屬、鹼土金屬及矽酸鹽被雨水淋洗流失，而難溶的「鐵（主要為氧化鐵/三氧化二鐵，Fe2O3）」與鋁在表層高度富集，氧化鐵呈現紅褐色，使土壤呈現明顯的紅色。
2. 其他選項說明：
- (A) 鉻：為重金屬污染物，非天然紅土呈色的主因。
- (C) 銅：化合物通常呈現藍色或綠色。
- (D) 硫：單質呈黃色，在還原厭氧土壤中常與鐵結合成黑色硫化亞鐵。"
309,暑期練習7/20,下列有關『臭氧層』的敘述，何者錯誤？(A:)臭氧自然形成於距地表25至50公里的大氣層中，可以吸收紫外線，[...],[...]故臭氧層的作用對地球生物極為重要。,於聯合國簽署的《蒙特婁議定書》是世界各國保護臭氧層的轉捩點,臭氧層的破損與極端氣候互為因果,縱使各國再如何努力保護地球，已經遭破壞的臭氧層破洞已經難以復原,(D) 縱使各國再如何努力保護地球，已經遭破壞的臭氧層破洞已經難以復原,"【正解】：(D)
【解析】：
1. 正確選項（錯誤敘述）(D)：科學監測證實，自1987年各國簽署《蒙特婁議定書》並嚴格禁用氟氯碳化物（CFCs）等破壞臭氧層物質後，平流層臭氧層破洞已出現穩定的縮小與自我修復趨勢。聯合國評估若維持現行管制，全球大部分地區的臭氧層預計在2040年至2066年間即可逐步恢復至1980年代以前的水平，並非「難以復原」。
2. 其他選項說明：
- (A) 平流層中的臭氧能吸收大部分對生物有害的中短波紫外線（UV-B與UV-C），是地球生命的保護傘。
- (B) 《蒙特婁議定書》被公認為全球最成功的國際環境公約之一，有效扭轉了臭氧層耗損危機。
- (C) 臭氧層破損會改變極地平流層溫度梯度與對流層大氣環流（如極地渦旋與西風帶），與氣候變遷存在交互影響。"
310,暑期練習7/20,海底珊瑚礁露出水面所形成的島嶼稱之為珊瑚礁島。以下何者為此類型島嶼？,金門島,馬祖列島,綠島,東沙島,(D) 東沙島,"【正解】：(D)
【解析】：
1. 正確選項 (D)：東沙島位於南海北部，是由珊瑚骨骼與貝類碎屑歷經長期生物堆積、地殼變動隆起及珊瑚沙沉積而成的典型「珊瑚礁島」（環礁島嶼）。
2. 其他選項說明：
- (A) 金門島：屬於「大陸島」（由花崗岩基岩構成）。
- (B) 馬祖列島：屬於「大陸島」（花崗岩質島嶼）。
- (C) 綠島：屬於「火山島」（由安山岩等火山噴發岩石構成，周圍雖有裙礁發育，但島體本質為火山島）。"
311,暑期練習7/20,「在中緯度地區，由於某種關鍵因素的影響，天然植被的經向地帶性格外規律，呈現由西(沿海)向東(內陸)依序為森林、草原與沙漠的變化。」上述最為關鍵的影響因素應為下列哪個選項？,洋流,西風,海拔高度,熱帶氣旋,(B) 西風,"【正解】：(B)
【解析】：
1. 正確選項 (B)：在中緯度地區（如歐亞大陸），盛行「西風帶」自大西洋將溫暖濕潤的水氣由西向東輸送。沿海地區因盛行西風帶來豐沛降水，形成溫帶落葉闊葉林；往東深入內陸，水氣逐漸遞減，降水減少轉為溫帶草原；至深處內陸因水氣難以抵達且地形阻隔，極度乾燥形成溫帶沙漠。因此西風吹拂所驅動的水氣梯度是植被經向變化的關鍵動力。
2. 其他選項說明：
- (A) 洋流：主要調節沿海熱量，無法決定橫貫數千公里內陸的經向水氣輸送大氣環流。
- (C) 海拔高度：主要主導垂直地帶性植被變化，非宏觀水平經向地帶性。
- (D) 熱帶氣旋：影響低緯至中低緯沿海，對中緯度廣大內陸之常態植被分布無決定性作用。"
312,暑期練習7/20,下列對雙酚A的敘述何者錯誤?,常見於塑膠瓶、玩具上,影響生殖與發育,造成體重過瘦,會造成糖尿病,(C) 造成體重過瘦,"【正解】：(C)
【解析】：
1. 正確選項（錯誤敘述）(C)：雙酚A（BPA）是一種環境荷爾蒙（內分泌干擾物），研究指出雙酚A會干擾人體內分泌系統與脂肪代謝，增加胰島素阻抗，反而容易造成「肥胖（體重過重）」與代謝症候群，而非造成體重過瘦。
2. 其他選項說明：
- (A) 雙酚A曾廣泛用於製造聚碳酸酯（PC）塑膠奶瓶、水杯、食品罐頭內襯及玩具。
- (B) 雙酚A具類雌激素活性，會干擾性荷爾蒙分泌，損害生殖功能與嬰幼兒發育。
- (D) 流行病學研究證實，長期暴露雙酚A會破壞胰島細胞功能，顯著增加罹患第二型糖尿病的風險。"
313,暑期練習7/20,有關生物的命名法，下列哪個選項是正確的？,以俗名分類,俗名加上種名,學名,種名,(C) 學名,"【正解】：(C)
【解析】：
1. 正確選項 (C)：現代生物學採用林奈創立的「雙名法」給予生物統一通用的「學名（Scientific Name）」。學名使用拉丁文，由「屬名（名詞，字首大寫）」加上「種小名／種加詞（形容詞，字首小寫）」組成，是國際科學界公認且唯一的標準命名。
2. 其他選項說明：
- (A)(B) 俗名（Common name）因地域、語言而異，常有一物多名或同名異物之混亂，無法作為正式科學分類標準。
- (D) 單純的種名（種小名）為形容詞，無法單獨代表該物種，必須結合屬名才構成完整學名。"
314,暑期練習7/20,水庫內的水質優養化對水庫中的魚類最後會造成什麼影響？,水中有更多對魚類生存有幫助的養分,水質變好，但對魚類沒有幫助,水質變差，影響魚類的生存,對魚類完全沒有任何影響,(C) 水質變差，影響魚類的生存,"【正解】：(C)
【解析】：
1. 正確選項 (C)：水庫優養化是指水中氮、磷等營養鹽過剩，導致藻類暴發性增殖（藻華）。當大量藻類死亡後，好氧微生物在分解藻類殘體時會劇烈消耗水中的溶氧，造成水體嚴重缺氧甚至厭氧發臭，並可能釋放微囊藻毒素，導致水質急遽惡化，引發魚蝦大量窒息暴斃。
2. 其他選項說明：(A)、(B)、(D) 皆誤解了優養化的危害，優養化絕非提供有益養分或改善水質，而是造成生態浩劫。"
315,暑期練習7/20,每年在大量紫斑蝶遷徙時段行經國道三號林內段時，國道高速公路局會封閉國道三號林內段外側車道的讓道方案，用意是什麼？,疏解交通壅塞,保護自然生態,促進觀光發展,顧及行車安全,(B) 保護自然生態,"【正解】：(B)
【解析】：
1. 正確選項 (B)：每年春季（清明節前後）紫斑蝶由南部茂林等度冬蝶谷集體北返繁殖，路徑橫跨國道三號雲林林內段。高速公路局架設防護網並推動「國道讓道方案」（蝶量達每分鐘250隻時封閉外側車道、調降車速），旨在減少車流氣旋造成的紫斑蝶路殺（Roadkill），具體落實生態廊道維護與自然生態保護。
2. 其他選項說明：(A)、(C)、(D) 封閉車道並非為了解決交通問題或發展觀光，其核心目標為野生動物保育。"
316,暑期練習7/20,幾十年前曾有人引進小花蔓澤蘭來綠化環境，今日這種植物已經在臺灣部份地區造成許多原生植物死亡，甚至危害農作物，因此有綠色癌症之稱，關於此現象，下列哪個選項是正確的敘述？,這是天擇的結果，應讓其自然演化,不當引入外來生物，可能破壞原本的生態平衡,應多引入外來種昆蟲，以控制此植物的繁衍,外來種植物可增加本地的生物多樣性,(B) 不當引入外來生物，可能破壞原本的生態平衡,"【正解】：(B)
【解析】：
1. 正確選項 (B)：小花蔓澤蘭原產於中南美洲，人為引進臺灣後因缺乏天敵制衡且生長蔓延極迅速，會大面積覆蓋攀附於樹冠上方，阻絕陽光使原生樹木無法行光合作用而枯死（窒息），是典型不當引入外來生物破壞本土生態平衡與生物多樣性的嚴重案例。
2. 其他選項說明：
- (A) 此為人為引入之外來入侵危害，非原生自然演化天擇，放任將導致森林劣化。
- (C) 隨意引進未經嚴格檢疫與評估的外來昆蟲可能引發二次生態災難。
- (D) 外來入侵種會排擠消滅本土物種，造成本土生物多樣性大幅下降而非增加。"
317,暑期練習7/20,臺灣中高海拔山區唯一最廣大而完整的生態保護區是下列那一個？,關渡自然保留區,出雲山自然保留區,葉蘭自然保留區,大武山自然保留區,(D) 大武山自然保留區,"【正解】：(D)
【解析】：
1. 正確選項 (D)：大武山自然保留區面積廣達約 47,000 公頃，橫跨中央山脈南段（南北大武山一帶），垂直海拔自數百公尺拔升至三千公尺以上，涵蓋完整的天然暖溫帶至冷溫帶原始闊葉林與針闊葉混生林，是臺灣面積最大且最完整的中高海拔天然生態保護區。
2. 其他選項說明：
- (A) 關渡自然保留區：位於淡水河口低海拔草澤濕地。
- (B) 出雲山自然保留區：面積約 6,248 公頃，規模遠小於大武山。
- (C) 臺灣一葉蘭自然保留區：位於苗栗南庄，面積僅約 64 公頃，專為保護單一植物棲地設立。"
318,暑期練習7/20,以下何種能量會被地球吸收而產生暖化的現象？,紅外線,X光,雷射,α射線,(A) 紅外線,"【正解】：(A)
【解析】：
1. 正確選項 (A)：太陽短波輻射照射加熱地球表面後，地表會將熱能以「長波輻射（熱紅外線，Infrared radiation）」形式向外太空發射。大氣中的溫室氣體（如二氧化碳、水氣、甲烷等）能強烈吸收這些地表長波紅外線，並將熱量重新輻射回地表，造成溫室效應與全球暖化。
2. 其他選項說明：
- (B) X光：屬於短波高能游離輻射，主要在高層大氣（電離層）被吸收，非溫室效應熱量截留機制。
- (C) 雷射：為人工受激發射的光束，非地球自然輻射平衡的主要形式。
- (D) α射線：為放射性衰變產生的氦原子核粒子，穿透力極弱，與全球暖化溫室效應無關。"
319,暑期練習7/20,以下哪些天然災害可能會與氣候變遷效應發生關聯性？(A)洪水 | (B)山崩與土石流 | (C)土地沙漠化 | (D)地層下陷。,[A],[AB],[ABC],[ABCD],(D) [ABCD],"【正解】：(D)
【解析】：
1. 正確選項 (D)：氣候變遷加劇了極端氣候事件的頻率與強度：
   - (A) 洪水：極端短延時強降雨直接導致河川氾濫與市區洪澇；
   - (B) 山崩與土石流：極端暴雨造成山坡土壤含水量飽和引發土石流；
   - (C) 土地沙漠化：乾旱頻率上升與氣溫增高加劇蒸散發，導致乾旱與半乾旱區土地退化；
   - (D) 地層下陷：氣候變遷引發嚴重乾旱枯水期，迫使農業與民生大量超抽地下水，間接加劇地層下陷，且海平面上升亦使下陷區水患更為嚴重。
   因此 (A)(B)(C)(D) 皆與氣候變遷密切關聯。
2. 其他選項說明：(A)、(B)、(C) 漏列了與乾旱抽水及海平面上升交互作用的地層下陷。"
320,暑期練習7/20,下列何者為「族群」的意義？,生長於同一時期、同一棲地的同種生物集合,生長於同一時期、同一棲地的所有生物集合,生長於同一時期、不同棲地的同種生物集合,生長於不同時期、同一棲地的所有生物集合,(A) 生長於同一時期、同一棲地的同種生物集合,"【正解】：(A)
【解析】：
1. 正確選項 (A)：在生態學中，「族群（Population）」的定義為：在「同一時期（特定時間）」生活於「同一棲地（特定空間）」的「同種生物」所有個體的集合，彼此能夠自由交配並繁衍具有生殖能力的後代。
2. 其他選項說明：
- (B) 同一時期、同一棲地的「所有不同種生物集合」稱為「群落／群集（Community）」；結合非生物環境後稱為「生態系（Ecosystem）」。
- (C) 不同棲地之個體因地理隔離通常視為不同族群。
- (D) 跨越不同時期的生物個體無法同時生活與進行基因交流，不符合族群定義。"
321,暑期練習7/20,天氣預報中的「人體舒適度」意指為何？,不同溫度、濕度條件下，人體感覺舒適的程度,不同氣壓條件下，人體感覺舒適的程度,不同太陽光強度，人體感覺舒適的程度,天空雲量多寡，人體感覺舒適的程度,(A) 不同溫度、濕度條件下，人體感覺舒適的程度,"【正解】：(A)
【解析】：
1. 正確選項 (A)：氣象預報中的「人體舒適度指數（Comfort Index）」是綜合考量「氣溫」與「相對濕度」（有時包含風速）對人體散熱（如汗液蒸發）之影響，評估人體在特定溫濕度組合下的體感舒適狀況（如悶熱、舒適、偏涼、寒冷等）。
2. 其他選項說明：(B) 氣壓、(C) 陽光強度、(D) 雲量雖為氣象參數，但非人體舒適度指數的核心計算依據。"
322,暑期練習7/20,世界環境日是聯合國鼓勵全球居民提高環保意識和採取環保行動的主要力量。請問聯合國人類環境會議將每年的幾月幾日作為「世界環境日」?,3月21日,4月22日,5月22日,6月5日,(D) 6月5日,"【正解】：(D)
【解析】：
1. 正確選項 (D)：1972年6月5日聯合國在瑞典斯德哥爾摩召開歷史性的「聯合國人類環境會議」，並通過《人類環境宣言》。同年聯合國大會通過決議，將每年的「6月5日」訂為「世界環境日（World Environment Day）」。
2. 其他選項說明：
- (A) 3月21日：國際森林日（世界森林日）。
- (B) 4月22日：世界地球日（Earth Day）。
- (C) 5月22日：國際生物多樣性日（International Day for Biological Diversity）。"
323,暑期練習7/20,收集酸雨，用石蕊試紙檢驗會有下列哪種變化？,藍色石蕊試紙變紅色,紅、藍石蕊試紙都不變色,紅色石蕊試紙變藍色,都變成黑色,(A) 藍色石蕊試紙變紅色,"【正解】：(A)
【解析】：
1. 正確選項 (A)：石蕊試紙為酸鹼指示劑。在酸性溶液中，「藍色石蕊試紙會變為紅色」，而紅色石蕊試紙保持紅色。酸雨（pH值小於5.0）呈酸性，因此能使藍色石蕊試紙變為紅色。
2. 其他選項說明：
- (B) 中性溶液時紅藍試紙皆不變色。
- (C) 鹼性溶液會使紅色石蕊試紙變為藍色。
- (D) 試紙接觸酸雨不會變黑（強濃硫酸脫水碳化才會變黑，稀薄酸雨不會）。"
324,暑期練習7/20,鵝鑾鼻公園裡，什麼地方是蝴蝶們絕佳的避風港，可以阻擋落山風?,燈塔,矮灌木,棕櫚樹,珊瑚礁岩,(D) 珊瑚礁岩,"【正解】：(D)
【解析】：
1. 正確選項 (D)：恆春半島秋冬季節盛行強勁的「落山風」。鵝鑾鼻公園內發育了高聳崎嶇的「隆起珊瑚礁岩石林與峽谷裂隙」，能有效屏障阻擋強烈強風，礁縫與避風谷地形成溫暖穩定的微氣候，是蝴蝶與各類昆蟲躲避強風的最佳天然避風港。
2. 其他選項說明：
- (A) 燈塔位於空曠開闊高處，迎風受力最大，無避風效果。
- (B)(C) 矮灌木與棕櫚樹迎風搖擺，難以提供穩固且遮風效果極佳的微棲地。"
325,暑期練習7/20,因臺灣位於歐亞大陸板塊與菲律賓板塊交界處，地震頻繁，對於地震的應變措施下列何者有誤?,地震發生時應躲在黃金三角處,地震發生時應躲在冰箱旁，確保食物充足,若發生強烈地震應趕緊開門，防止門變形逃不出去,以上皆是,(D) 以上皆是,"【正解】：(D)
【解析】：
1. 正確選項 (D)：選項 (A)、(B)、(C) 皆為常見的錯誤避難迷思，故「以上皆是」為正確答案：
   - (A) 錯誤迷思：「黃金三角」已被各國防災單位證實為危險觀念，建物或重物傾倒易直接壓傷人員，正確避難原則為「趴下（Drop）、掩護（Cover）、穩住（Hold on）」，保護頭頸；
   - (B) 錯誤迷思：躲在冰箱旁極易被翻覆的大型家電壓傷；
   - (C) 錯誤迷思：強震劇烈搖晃時貿然起身開門極易跌倒或被掉落物砸傷，應先就地掩護，待主震停止後再確認開門與動線。
2. 其他選項說明：(A)、(B)、(C) 均屬錯誤應變行為，故選 (D)。"
326,暑期練習7/20,下列何種方式在校園內可以節省能源？,多乘電梯，少走樓梯,裝設自動感應照明,空調設定於20~23度,共乘計程車,(B) 裝設自動感應照明,"【正解】：(B)
【解析】：
1. 正確選項 (B)：在校園走廊、洗手間、樓梯間等公共區域裝設「自動感應照明（紅外線感應燈）」，可落實「人來燈亮、人走燈熄」，避免無人時長時間長明耗電，是極佳的校園節能措施。
2. 其他選項說明：
- (A) 多搭電梯耗電，多走樓梯能健身且節能。
- (C) 空調設定在20~23度過低且極度耗電，官方建議夏季冷氣適當設定溫度為「26~28℃」並搭配電風扇。
- (D) 校園通學應優先選擇大眾運輸、步行或自行車。"
327,暑期練習7/20,下列哪一種植物屬於臺灣原生種？,銀合歡,小花蔓澤蘭,大花咸豐草,玉山杜鵑,(D) 玉山杜鵑,"【正解】：(D)
【解析】：
1. 正確選項 (D)：玉山杜鵑（學名：Rhododendron pseudochrysanthum）為臺灣特有種（原生種）高山常綠灌木或喬木，主要分佈於海拔 3,000 公尺以上高山（如合歡山、玉山、雪山等），能適應高山嚴寒與強風環境。
2. 其他選項說明：
- (A) 銀合歡：原產於中美洲，引進後已成為恆春半島嚴重的外來入侵樹種。
- (B) 小花蔓澤蘭：原產於中南美洲，為極具破壞性的外來入侵藤蔓植物。
- (C) 大花咸豐草：原產於熱帶美洲，引進作為蜜源植物後已遍布全臺平野，屬外來入侵種。"
328,暑期練習7/20,下列哪個選項最有可能是近年來全球暖化日益嚴重的主要原因？,被大氣吸收的太陽輻射增加，地表大氣中溫室氣體過低,被大氣反射到太空的太陽輻射增加,被地表反射到太空的太陽輻射增加,被大氣吸收的地表輻射增加,(D) 被大氣吸收的地表輻射增加,"【正解】：(D)
【解析】：
1. 正確選項 (D)：人類大量燃燒化石燃料排放二氧化碳、甲烷等溫室氣體，使大氣中溫室氣體濃度持續攀升。溫室氣體吸收地表向外釋放的長波紅外線輻射，造成「被大氣吸收的地表輻射增加」，並將熱量截留重新向下輻射回地表，導致溫室效應加劇與全球暖化。
2. 其他選項說明：
- (A) 地球大氣中溫室氣體濃度是顯著「升高」而非過低。
- (B)(C) 若反射到太空的太陽輻射增加（地球反照率提高），地表獲得的熱量減少，會造成氣候降溫而非暖化。"
329,暑期練習7/20,在衛星雲圖上，臺灣南部被一大片白色的東西所遮住，試問臺灣南部的天氣狀況如何？,陰天或下雨,晴朗炎熱,強風,濃霧,(A) 陰天或下雨,"【正解】：(A)
【解析】：
1. 正確選項 (A)：在氣象衛星雲圖（可見光或紅外線雲圖）上，大片亮白色區域代表地表上方覆蓋著深厚、發展旺盛的高空雲層（如鋒面雲系、熱帶低壓或積雨雲）。厚實雲層阻擋陽光直射並伴隨充沛水氣降水，因此臺灣南部此時的天氣狀況通常為陰天或下雨。
2. 其他選項說明：
- (B) 晴朗炎熱時，雲圖上該區域應為無雲的深色。
- (C)(D) 衛星雲圖上大尺度顯著白色主要反映厚實降水雲系，無法直接單純等同於強風或地表薄層濃霧。"
330,暑期練習7/20,根據《文化資產保存法》的界定，「澎湖石滬文化景觀－吉貝石滬群」是屬於哪一種類型景觀？,聚落建築群,文化景觀,自然地景,考古遺址,(B) 文化景觀,"【正解】：(B)
【解析】：
1. 正確選項 (B)：依據《文化資產保存法》第3條規定，「文化景觀」指人類與自然環境經長時間交互作用所形成具有歷史、美學、民族學或人類學價值之場域。吉貝石滬群是澎湖先民順應潮汐與玄武岩、珊瑚礁石材所堆砌的傳統捕魚陷阱，具體展現人與海洋環境共生的智慧，依法登錄為「文化景觀」。
2. 其他選項說明：
- (A) 聚落建築群：如澎湖望安花宅聚落。
- (C) 自然地景：指未受顯著人為改造之自然地貌（如野柳野外地質公園、泥火山）。
- (D) 考古遺址：如十三行遺址、卑南遺址等地下古代文化層堆積。"
331,暑期練習7/20,自然保留區的設置是依下列哪一項法規所推動？,文化資產保存法,國家公園法,野生動物保育法,環境保護基本法,(A) 文化資產保存法,"【正解】：(A)
【解析】：
1. 正確選項 (A)：臺灣的「自然保留區（Nature Reserve）」是依據《文化資產保存法》中關於「自然地景及自然紀念物」之規定所劃設公告（主管機關為農業部林業及自然保育署），是國內保護層級最嚴格、嚴禁改變現狀與任意進入的保護區類別。
2. 其他選項說明：
- (B) 《國家公園法》：劃設國家公園與國家自然公園。
- (C) 《野生動物保育法》：劃設「野生動物保護區」及「野生動物重要棲息環境」。
- (D) 《環境保護基本法》：為國家環境保護總體指導方針之母法，非具體劃設自然保留區之依據。"
332,暑期練習7/20,根據環境教育法第四條，下列選項中哪些是環境教育之對象?,全體國民,政府機關,學校,以上皆是,(D) 以上皆是,"【正解】：(D)
【解析】：
1. 正確選項 (D)：依據我國《環境教育法》第4條規定：「環境教育之對象包含全體國民、機關、公營事業機構、高級中等以下學校、大專校院及受政府獎勵或補助之民間團體。」因此國民、機關與學校全數涵蓋在內。
2. 其他選項說明：(A)、(B)、(C) 均為法定對象的一部分，故應選 (D)「以上皆是」。"
333,暑期練習7/20,太魯閣國家公園因海拔落差大，且受下列哪種因素影響，形成明顯垂直的溫差和氣候變化？,東北季風,雨水豐沛,地質構造特殊,冬季降雪,(A) 東北季風,"【正解】：(A)
【解析】：
1. 正確選項 (A)：太魯閣國家公園由太平洋海平面急遽拔升至合歡山、南湖大山等 3,000 公尺以上高山，地處臺灣東部迎風面。秋冬季節強勁的「東北季風」夾帶豐沛水氣長驅直入立霧溪峽谷，受到陡峭地形抬升與阻擋，使不同海拔高度與坡向之溫差、雨量產生劇烈變化，造就豐富的垂直氣候帶與植被分帶。
2. 其他選項說明：
- (B)(D) 豐沛雨水與冬季降雪皆為季風與地形抬升交互作用後的降水表現，非主導氣候動力來源。
- (C) 地質構造（大理石峽谷隆起與下切）是地形地貌成因，但宏觀氣候變化的動力來源為東北季風氣流。"
334,暑期練習7/20,為因應溫室效應對地球的危害，各國皆著手研擬各種不同類型之減緩策略，以下哪些「不是」臺灣的減緩策略？,發展火力發電技術,節約能源、提高能源效率,開發新興與再生能源,發展溫室氣體減量技術,(A) 發展火力發電技術,"【正解】：(A)
【解析】：
1. 正確選項 (A)：傳統「火力發電技術（特別是燃煤發電）」高度依賴燃燒化石燃料，是溫室氣體（二氧化碳）與空氣污染物的最主要排放源。臺灣在「2050淨零排放路徑」中的減緩策略是「逐步減煤、增氣、展綠、非核」，因此「發展火力發電技術」絕非減緩策略。
2. 其他選項說明：
- (B) 節約能源與提高能源使用效率是成本效益最高的減碳減緩策略。
- (C) 開發風能、太陽光電、地熱、海洋能等再生能源是實現能源轉型的核心。
- (D) 發展碳捕捉、利用與封存（CCUS）及工業製程減碳技術是關鍵減緩策略。"
335,暑期練習7/20,下列何者是酸雨帶來的危害？,全球暖化,輻射污染,礦產消失,土壤酸化,(D) 土壤酸化,"【正解】：(D)
【解析】：
1. 正確選項 (D)：酸雨（主要含有硫酸與硝酸）降落至地表後，會加速土壤中鈣、鎂、鉀等鹽基養分的淋溶流失，並活化溶出對植物有毒的鋁離子，導致「土壤酸化」，破壞植物根系與土壤微生物平衡，造成林木衰退枯死與農作物減產。
2. 其他選項說明：
- (A) 全球暖化是由溫室氣體截留長波輻射引起。
- (B) 輻射污染源自核事故、核試驗或放射性廢棄物。
- (C) 礦產耗竭是由於人類過度開採，非酸雨造成。"
336,暑期練習7/20,「海砂屋」是因為建築房屋時使用的海砂中含有什麼離子造成混凝土病變？,氯離子,鈉離子,鈣離子,鎂離子,(A) 氯離子,"【正解】：(A)
【解析】：
1. 正確選項 (A)：海砂若未經淡水充分洗鹽即用於拌合混凝土，其中含有的高濃度「氯離子（Cl-）」會破壞鋼筋表面的鹼性鈍化膜，加速鋼筋電化學鏽蝕。鋼筋生銹後體積膨脹數倍，導致混凝土龜裂、剝落、結構強度嚴重受損，俗稱「海砂屋（高氯離子混凝土建築物）」
2. 其他選項說明：(B) 鈉、(C) 鈣、(D) 鎂離子並非直接穿透破壞鋼筋鈍化膜引發鋼筋生銹膨脹的主因，國家標準（CNS 3090）檢測海砂屋的核心指標即為水溶性「氯離子含量」。"
337,暑期練習7/20,有關酸雨的敘述，下列敘述哪個選項是正確的？,大氣中的二氧化碳溶解於雨水中所致,酸雨對動物危害比較大，對植物沒有影響,大氣中硫氧化物溶解於雨水中會造成酸雨,主要為工廠排放的廢氣與汽車廢氣無關,(C) 大氣中硫氧化物溶解於雨水中會造成酸雨,"【正解】：(C)
【解析】：
1. 正確選項 (C)：酸雨主要是人類燃燒化石燃料排放的「硫氧化物（SOx，如SO2）」與「氮氧化物（NOx）」在大氣中與水氣反應轉化為硫酸與硝酸，隨雨雪降落所致（pH值 < 5.0）。
2. 其他選項說明：
- (A) 二氧化碳溶於水形成弱碳酸，使未受污染雨水呈現微酸性（pH約5.6），但酸雨（pH < 5.0）主要是硫氧化物與氮氧化物所致。
- (B) 酸雨會腐蝕植物葉片蠟質層並破壞土壤，對植物生長危害極大。
- (D) 汽機車高溫燃燒排放大量「氮氧化物（NOx）」，是造成酸雨的重要成因之一。"
338,暑期練習7/20,下列何者的蒸發作用是形成雨水最主要的來源？,海洋,河川,湖泊,冰山,(A) 海洋,"【正解】：(A)
【解析】：
1. 正確選項 (A)：地球表面約 71% 被海洋覆蓋，且海洋儲存了全球約 97% 的水資源。全球水循環中，約 85% 以上的大氣水氣皆來自於廣大「海洋」表面的蒸發作用，是地表形成雲雨降水最龐大、最主要的水氣源頭。
2. 其他選項說明：(B) 河川、(C) 湖泊、(D) 冰山的水域面積與總水量佔全球水資源比例極小，蒸發產生的水氣量遠不及海洋。"
339,暑期練習7/20,餐飲業者達成幾項「十大惜食行動」即可成為惜食推廣種子店家？,一項,三項,五項,十項,(B) 三項,"【正解】：(B)
【解析】：
1. 正確選項 (B)：環境部推廣惜食環境教育，鼓勵餐飲業者響應「惜食行動」（包括主動提醒份量、提供分量選擇、宣導打包、食材全利用、地產地消等十大行動）。店家只要在「十大惜食行動」中落實達成「三項」以上，即可申請認證為官方「惜食推廣種子店家（惜食餐廳）」
2. 其他選項說明：(A)、(C)、(D) 均不符合環境部現行惜食推廣種子店家之基本認證門檻規定（3項）。"
340,暑期練習7/20,下列何者是造成臺灣西部沿海地層嚴重下陷的原因？,地殼板塊運動,火山活動,超抽地下水,地震,(C) 超抽地下水,"【正解】：(C)
【解析】：
1. 正確選項 (C)：臺灣西部沿海（如彰化、雲林、嘉義、屏東等沿海鄉鎮）因養殖漁業與農業灌溉用水需求龐大，長期「大量超抽地下水」，造成地下水位大幅下降，未固結的深部黏土層孔隙水壓驟降而壓密脫水，引發不可逆的「地層嚴重下陷」。
2. 其他選項說明：
- (A)(D) 板塊運動與地震主要造成造山抬升或局部斷層錯動，非平原大範圍持續均勻下陷的主因。
- (B) 西部平原非近期火山活動區。"
341,暑期練習7/20,下列何者「不是」河川水質監測項目之一？,水溫,酸鹼值,總三鹵甲烷,硝酸鹽氮,(C) 總三鹵甲烷,"【正解】：(C)
【解析】：
1. 正確選項 (C)：「總三鹵甲烷（THMs）」是自來水淨水處理過程中，加入氯氣消毒與水中天然有機物反應生成的「消毒副產物（DBPs）」，屬於《飲用水水質標準》的管制項目，而非一般天然河川水質的常規監測項目。
2. 其他選項說明：
- (A) 水溫：為河川基本物理監測項目。
- (B) 酸鹼值（pH）：為河川水質基本指標。
- (D) 硝酸鹽氮（NO3-N）：為評估河川營養鹽含量與農業/污水污染的重要化學指標。"
342,暑期練習7/20,《京都議定書》中規範下列何種溫室氣體？,二氧化碳(CO2),氧氣(O2),一氧化碳(CO),臭氧(O3),(A) 二氧化碳(CO2),"【正解】：(A)
【解析】：
1. 正確選項 (A)：1997年通過的《京都議定書》（Kyoto Protocol）規範了六種主要的溫室氣體減量清單：二氧化碳（CO2）、甲烷（CH4）、氧化亞氮（N2O）、氫氟碳化物（HFCs）、全氟碳化物（PFCs）及六氟化硫（SF6）。因此二氧化碳為列管氣體。
2. 其他選項說明：
- (B) 氧氣（O2）：為大氣主要組成成分，非溫室氣體。
- (C) 一氧化碳（CO）：為有毒空氣污染物，非《京都議定書》直接列管之溫室氣體。
- (D) 臭氧（O3）：對流層臭氧雖具溫室效應，但未列入《京都議定書》直接減量管制清單。"
343,暑期練習7/20,下列有關鉛的生物偵測的敘述何者「錯誤」？,有機鉛化合物的吸收，主要是由皮膚吸收,循環中的鉛，90%會與紅血球結合,90%的鉛會最後儲存於骨骼,有機鉛的暴露，最好的偵測指標則是血中鉛濃度,(D) 有機鉛的暴露，最好的偵測指標則是血中鉛濃度,"【正解】：(D)
【解析】：
1. 正確選項（錯誤敘述）(D)：「無機鉛」暴露的最佳生物偵測指標為「血中鉛濃度（BLL）」；但「有機鉛（如四烷基鉛）」具高度脂溶性且在體內快速代謝，有機鉛暴露的最佳生物偵測指標為「尿中總鉛或尿中烷基鉛代謝物濃度」，而非血中鉛濃度。
2. 其他選項說明：
- (A) 有機鉛具高脂溶性，極易經由完整皮膚快速吸收。
- (B) 進入血液循環的鉛約有 90% 以上與紅血球（血紅素）緊密結合。
- (C) 體內吸收的鉛經過分佈，約 90%～95% 最終會蓄積於骨骼與牙齒中（生物半衰期長達數十年）。"
344,暑期練習7/20,一般家庭由自來水公司配送之水資源，應再經何種淨水程序方可飲用？,可直接飲用,取水於容器中靜置一段時間,經煮沸後可飲用,不可使用於飲食上,(C) 經煮沸後可飲用,"【正解】：(C)
【解析】：
1. 正確選項 (C)：自來水出廠時雖符合水質標準，但在配送至家戶過程中，可能經過老舊輸水管線、蓄水池或水塔等設施，存在二次污染或餘氯殘留疑慮。因此官方與衛生專家建議自來水應「經煮沸後」再飲用，高溫煮沸可徹底殺滅微生物病菌並促使餘氯揮發。
2. 其他選項說明：
- (A) 考量臺灣多數家戶水塔與管線維護狀況不一，直接生飲具衛生風險。
- (B) 單純靜置無法殺滅病菌，亦無法有效去除溶解性有害物質。
- (D) 自來水經煮沸處理後完全安全衛生，適合日常飲食烹調。"
345,暑期練習7/20,為推動全民食農教育，強化飲食、環境與農業之連結，特制定「食農教育法」。請問其推動方針不包含下列何者?,支持認同在地農業,地產地消永續農業,傳承與創新飲食文化,加入WTO提倡公平貿易,(D) 加入WTO提倡公平貿易,"【正解】：(D)
【解析】：
1. 正確選項 (D)：我國《食農教育法》明定的推動方針核心在於：支持在地農業、培養均衡飲食習慣、珍惜食物減少浪費、傳承與創新飲食文化、深化地產地消、實踐環境永續等。「加入WTO提倡公平貿易」屬於國際經貿與關稅談判範疇，並非《食農教育法》之推動方針。
2. 其他選項說明：(A)、(B)、(C) 皆為《食農教育法》明定之核心推動面向。"
346,暑期練習7/20,下列何種組合屬於「海洋能」發電？,潮汐發電、溫差發電,溫差發電、汽電共生發電,洋流發電、燃煤發電,潮汐發電、燃氣發電,(A) 潮汐發電、溫差發電,"【正解】：(A)
【解析】：
1. 正確選項 (A)：海洋能（Ocean Energy）是指利用海洋所蘊藏的自然物理能量進行發電的再生能源，主要包括：潮汐能發電（Tidal）、波浪能發電（Wave）、海流/洋流能發電（Ocean Current）、海洋溫差發電（OTEC）及鹽差能發電。因此「潮汐發電、溫差發電」完全屬於海洋能發電組合。
2. 其他選項說明：
- (B) 汽電共生：利用燃料燃燒同時產生電能與熱能，非海洋能。
- (C) 燃煤發電：屬於傳統化石燃料火力發電。
- (D) 燃氣發電：屬於天然氣火力發電。"
347,暑期練習7/20,我國第一座海洋國家公園，其珊瑚礁屬於特殊珍貴自然景觀？,澎湖南方四島國家公園,金門國家公園,東沙環礁國家公園,墾丁國家公園,(C) 東沙環礁國家公園,"【正解】：(C)
【解析】：
1. 正確選項 (C)：民國96年（2007年）成立的「東沙環礁國家公園」是我國「第一座海洋型國家公園」，擁有直徑約25公里之完整圓形沉水環礁與潟湖生態系，發育了壯麗且珍貴的珊瑚礁堡壘，具高度國際保育價值。
2. 其他選項說明：
- (A) 澎湖南方四島國家公園：成立於民國103年（2014年），為臺灣第二座海洋國家公園。
- (B) 金門國家公園：成立於1995年，以維護歷史古蹟、戰役紀念為主兼具自然資源。
- (D) 墾丁國家公園：成立於1984年，為臺灣第一座國家公園（陸海兼具），但專門以海洋生態系保育為主設立的第一座「海洋型國家公園」為東沙環礁國家公園。"
348,暑期練習7/20,全球可劃分為熱帶、溫帶、寒帶三個氣候帶。劃分此三個氣候帶的指標為哪兩條緯線？,本初經線、赤道,赤道、回歸線,回歸線、極圈,國際換日線、赤道,(C) 回歸線、極圈,"【正解】：(C)
【解析】：
1. 正確選項 (C)：地理學上依據太陽直射與極晝極夜現象劃分三大基本氣候帶（天文五帶）：
   - 熱帶：南北回歸線之間（23.5°N ～ 23.5°S），有太陽直射現象；
   - 溫帶：回歸線至極圈之間（南北半球 23.5° ～ 66.5°），無直射亦無極晝極夜；
   - 寒帶：極圈以內（南北半球 66.5° ～ 90°），有極晝與極夜現象。
   因此劃分指標為「回歸線」與「極圈」。
2. 其他選項說明：(A)、(D) 本初子午線與國際換日線皆為經線，經線與氣候帶劃分無關；(B) 赤道為熱帶中心，非劃分溫帶與寒帶之界線。"
349,暑期練習7/20,日常耗能以空調與照明用電佔最大比例。一般而言，哪一種燈具的耗電量最高？,鎢絲燈泡,日光燈,LED燈,省電燈泡,(A) 鎢絲燈泡,"【正解】：(A)
【解析】：
1. 正確選項 (A)：鎢絲燈泡（白熾燈）是利用電流通過鎢絲產生高溫白熾發光，發光效率極低（僅約 10~15 lm/W），輸入電能中高達 90% 以上轉化為無效的廢熱散失，只有不到 10% 轉化為可見光，因此在相同照明亮度下耗電量最高。
2. 其他選項說明：
- (B)(D) 日光燈與省電燈泡發光效率約 50~70 lm/W，比鎢絲燈省電 70~80%。
- (C) LED燈發光效率高達 100~150 lm/W 以上，是目前市面上最省電且壽命最長之光源。"
350,暑期練習7/20,有關空氣污染的敘述，下列何者「錯誤」？,一氧化碳可能造成人體中毒現象,二氧化氮是造成雨水酸化的原因之一,臭氧只對植物有害，對人類沒影響,二氧化硫是造成雨水酸化的原因之一,(C) 臭氧只對植物有害，對人類沒影響,"【正解】：(C)
【解析】：
1. 正確選項（錯誤敘述）(C)：對流層（地表）臭氧（O3）是一種強氧化劑，對「人類與植物均有高度毒害性」。吸入地表臭氧會強烈刺激呼吸道黏膜，引起咳嗽、胸悶、氣喘發作及損害肺功能；同時亦會破壞植物葉肉組織與光合作用。
2. 其他選項說明：
- (A) 一氧化碳（CO）與血紅素結合力遠高於氧氣，會阻礙氧氣輸送導致人體缺氧中毒。
- (B)(D) 二氧化氮（NO2）與二氧化硫（SO2）在大氣中與水反應生成硝酸與硫酸，是造成酸雨的主要原因。"
351,暑期練習7/23,公害造成損害時，「程度鑑定」主要為了確認下列何者？,何種污染物造成損害,造成損害之污染來源,評估危害程度,以上皆是,(C) 評估危害程度,"【正解】：(C)
【解析】：
1. 正確選項 (C)：公害糾紛鑑定程序中，針對公害損害之鑑定通常包含「因果關係鑑定」與「損害程度鑑定」：
   - 「因果關係鑑定」在於確認污染物種類與污染來源；
   - 「程度鑑定」之主要目的則在於量化與評估「公害對人體健康、農漁作物或財產所造成的危害與實質受損程度」，作為認定損害賠償額度與救濟之科學依據。
2. 其他選項說明：(A)、(B) 屬於污染源確認與因果關係鑑定範疇，非損害程度鑑定之核心。"
352,暑期練習7/23,民國75年高雄縣二仁溪口發生養殖牡蠣因受到水污染而變綠死亡，試問導致綠牡蠣事件的原因是下列哪個選項？,水中藻類大量繁殖,水中有機物質濃度過高,水中含有毒的重金屬,水中溶氧量過高,(C) 水中含有毒的重金屬,"【正解】：(C)
【解析】：
1. 正確選項 (C)：民國75年（1986年）二仁溪流域沿岸大量廢五金熔煉與酸洗電鍍工廠非法排放廢水，廢水中含有高濃度的有毒重金屬「銅（Copper, Cu）」。出海口養殖牡蠣大量濾食並在體內蓄積高濃度銅離子，使得牡蠣肉色轉綠並大量暴斃，即著名的「綠牡蠣事件」。
2. 其他選項說明：
- (A) 藻類過多會引起藻華或紅潮，但非綠牡蠣重金屬中毒原因。
- (B) 有機物過高會導致水質黑臭缺氧，不會使牡蠣累積高濃度銅變綠。
- (D) 溶氧過高不會造成牡蠣變綠死亡。"
353,暑期練習7/23,有關潮間帶的敘述，下列哪個選項是「錯誤」的？,位於滿乾潮之間的地帶,提供人們養殖、遊憩與觀光的主要場所,生物能適應短暫缺水及陽光曝晒,此地生態系的生產力，與其它生態系相較，生產力偏低,(D) 此地生態系的生產力，與其它生態系相較，生產力偏低,"【正解】：(D)
【解析】：
1. 正確選項（錯誤敘述）(D)：潮間帶（Intertidal Zone）接受充足陽光照射，且潮汐與陸地逕流帶來豐富的無機營養鹽，孕育大量藻類、浮游生物與底棲生物，是全球「基礎初級生產力極高」且生物多樣性極為繁盛的生態系之一，絕非生產力偏低。
2. 其他選項說明：
- (A) 潮間帶即滿潮最高水位與乾潮最低水位之間的海岸過渡帶。
- (B) 潮間帶自古為人類採集、水產養殖與現代生態觀光的重要場域。
- (C) 潮間帶生物演化出特殊保水與耐曬構造（如藤壺閉殼、招潮蟹鑽洞），以適應退潮時的乾旱與烈日曝曬。"
354,暑期練習7/23,下列哪個地區可以發現具有肥厚的脂肪層、能生存在低溫環境中的動物？,草原,熱帶雨林,濱海沼澤,極地,(D) 極地,"【正解】：(D)
【解析】：
1. 正確選項 (D)：極地地區（北極與南極）氣候終年嚴寒酷冷，棲息於極地的恆溫動物（如北極熊、海豹、海象、企鵝等）演化出極為厚實的「皮下脂肪層（鯨脂）」與密實的保暖毛羽，能有效隔絕嚴寒、減少體熱散失以維持體溫。
2. 其他選項說明：(A) 草原、(B) 熱帶雨林、(C) 濱海沼澤氣候溫暖或炎熱，動物不需厚重皮下脂肪層禦寒，過厚脂肪反而不利於散熱。"
355,暑期練習7/23,下列哪一項是常見的環境荷爾蒙？,硼酸,氯化鈉,硫酸,DDT,(D) DDT,"【正解】：(D)
【解析】：
1. 正確選項 (D)：DDT（雙對氯苯基三氯乙烷）為有機氯農藥，具高脂溶性、環境持久性與生物累積性，是公認典型的「環境荷爾蒙（內分泌干擾物）」，會干擾雌激素受體、導致鳥類蛋殼變薄破裂及影響人畜生殖發育系統，已被國際公約（斯德哥爾摩公約）全面禁用。
2. 其他選項說明：
- (A) 硼酸：常見防腐或殺蟻劑，非環境荷爾蒙。
- (B) 氯化鈉：普通食鹽，為人體必需電解質。
- (C) 硫酸：強無機酸，具強腐蝕性，非環境荷爾蒙。"
356,暑期練習7/23,請問下列選項何者為壽山的舊稱？,打狗山,打猴山,打鳥山,打貓山,(A) 打狗山,"【正解】：(A)
【解析】：
1. 正確選項 (A)：高雄壽山在明清時期舊稱為「打狗山」或「柴山」（高雄舊稱「打狗」，源自平埔族馬卡道族語「Takao」，意為竹林）。日治時期大正12年（1923年）日本裕仁皇太子巡視臺灣住宿於此適逢壽誕，遂將打狗山更名為「壽山」。
2. 其他選項說明：
- (B)(C) 打猴山、打鳥山皆為混淆字眼。
- (D) 打貓：為嘉義縣民雄鄉之舊稱（源自平埔族打貓社）。"
357,暑期練習7/23,有關大氣中臭氧分布的敘述，下列哪個選項是正確的？,臭氧大部分存在離地面10至50公里的範圍內,大氣中90%的臭氧分布在由地面起至25公里高空的範圍內,離地面25至50公里的高空，臭氧的分布隨高度的增加而增加,離地面10至50公里的範圍內，臭氧的分布隨高度的增加而降低,(A) 臭氧大部分存在離地面10至50公里的範圍內,"【正解】：(A)
【解析】：
1. 正確選項 (A)：大氣中約 90% 的臭氧分佈在平流層中（距地表約 10 至 50 公里高度範圍），稱為「臭氧層」，其濃度峰值通常出現在離地面 20 至 30 公里處。因此臭氧大部分存在離地面10至50公里範圍內是正確敘述。
2. 其他選項說明：
- (B) 臭氧層主要分佈於 10 至 50 公里平流層，非僅在 0~25 公里。
- (C) 臭氧濃度在約 20~25 公里達最大值，在 25 至 50 公里高空，臭氧濃度是隨高度增加而「遞減」而非增加。
- (D) 10至25公里隨高度增加，25公里以上隨高度降低，並非全程降低。"
358,暑期練習7/23,天氣現象千變萬化，天氣預報更是一件勞心勞力的工作。有關天氣預報的敘述，下列何者是正確的？,天氣預報僅需參考地面、高空和衛星等觀測資料,紫外線強度並不包含在預報項目內,將觀測資料輸入電腦，即可得到準確的預報資料,影響天氣變化的因素很複雜增加預報工作的困難度,(D) 影響天氣變化的因素很複雜增加預報工作的困難度,"【正解】：(D)
【解析】：
1. 正確選項 (D)：大氣運動屬於高度非線性的流體力學混沌系統（蝴蝶效應），受到地形起伏、海陸熱力差異、氣團交會及局部微氣候等多重複雜因素交互影響，因此天氣變化預報極具複雜度與不確定性。
2. 其他選項說明：
- (A) 現代天氣預報除了各類觀測資料外，還需仰賴數值天氣模式運算及預報員綜合研判。
- (B) 紫外線指數（UVI）為氣象預報之常態例行項目。
- (C) 數值模式存在初始誤差與物理參數化限制，電腦運算結果仍需預報員專業校正，無法保證絕對百分之百準確。"
359,暑期練習7/23,下列何者屬於可以回收的電池？,碳鋅電池,鎳鎘電池,鋰電池,以上皆是,(D) 以上皆是,"【正解】：(D)
【解析】：
1. 正確選項 (D)：依據環境部公告《廢棄物清理法》應回收廢棄物項目規定，所有一次性乾電池與二次充電電池（包含碳鋅電池、鹼錳電池、鎳鎘電池、鎳氫電池、鋰電池、鈕扣型電池等）皆屬於「法定應回收廢棄物」，必須妥善分類回收以提煉再生金屬並避免重金屬污染環境。
2. 其他選項說明：(A)、(B)、(C) 皆為可回收且應回收之電池種類，故選 (D)。"
360,暑期練習7/23,想要一睹閩南文化、僑鄉文化、戰地文化等不同時代的特質，可在下列哪一個國家公園體驗？,東沙環礁國家公園,澎湖南方四島國家公園,金門國家公園,台江國家公園,(C) 金門國家公園,"【正解】：(C)
【解析】：
1. 正確選項 (C)：金門國家公園成立於民國84年（1995年），是我國首座以維護歷史文化資產、戰役紀念為主兼具自然生態的國家公園。園區內完整保存了「閩南傳統聚落（如水頭、瓊林）」、出洋經商致富興建的「洋樓僑鄉文化」，以及古寧頭與八二三砲戰遺留之坑道、碉堡等「戰地文化」。
2. 其他選項說明：
- (A) 東沙環礁國家公園：以環礁潟湖海洋生態為主。
- (B) 澎湖南方四島國家公園：以玄武岩地質與珊瑚礁保育為主。
- (D) 台江國家公園：以先民移墾歷史、濕地紅樹林生態及鹽田文化為主。"
361,暑期練習7/23,潮間帶常有許多的螺類，試問下列何者可食用？,花冠芋螺,漁舟蜑螺,斑芋螺,織錦芋螺,(B) 漁舟蜑螺,"【正解】：(B)
【解析】：
1. 正確選項 (B)：漁舟蜑螺（Nerita albicilla）為臺灣岩礁潮間帶極為常見的草食性小型海螺，無毒，肉質可食用（為沿海常見食用螺類）。
2. 其他選項說明：
- (A)(C)(D) 花冠芋螺、斑芋螺、織錦芋螺皆屬於「芋螺科（Conidae）」。芋螺體內具有特化的毒囊與齒舌毒針，含有劇烈神經毒素（芋螺毒素 Conotoxin），會麻痺神經甚至導致人類致命，絕對不可食用且徒手觸碰極為危險。"
362,暑期練習7/23,下列哪一項「不是」臺灣地層下陷的主因？,地層的變化運動,軟弱沖積層的自然壓實,超抽地下水,農地過度開墾,(D) 農地過度開墾,"【正解】：(D)
【解析】：
1. 正確選項 (D)：臺灣地層下陷的成因中，人為最主要主因為「超抽地下水」導致黏土層壓密；自然背景因素包含「地層構造變化運動」與「軟弱沖積層自重自然壓實」。「農地過度開墾」主要造成表土沖蝕與水土流失，並非平原地層深部骨架壓縮下陷的主因。
2. 其他選項說明：(A)、(B)、(C) 皆為臺灣地質學與水文地質上造成地層下陷的主要機制。"
363,暑期練習7/23,河川魚群暴斃的主要原因大多為水中溶氧不足，在下列何時段最容易發生魚群暴斃事件？,清晨,中午,傍晚,半夜,(A) 清晨,"【正解】：(A)
【解析】：
1. 正確選項 (A)：水中的水生植物與藻類在白天進行光合作用產出氧氣，溶氧在午後至傍晚達最高峰；但夜間光合作用停止，全體水生生物（藻類、細菌、魚類）皆持續進行呼吸作用消耗氧氣。經過整夜持續耗氧，水中溶氧量通常在「清晨日出之前」降至全日最低點，最易引發魚群缺氧窒息暴斃。
2. 其他選項說明：
- (B) 中午光合作用旺盛，水中溶氧通常較充足。
- (C) 傍晚累積整日光合產氧，溶氧處於高檔。
- (D) 半夜雖在耗氧，但清晨（日出前）才是累積整夜耗氧後的最低谷。"
364,暑期練習7/23,黑面琵鷺是世界上非常稀少的鳥種，被列為瀕臨滅絕動物保護，每年9月至10月抵臺，一直待到翌年的3月至5月左右，才陸續飛離臺灣。請問黑面琵鷺主要分布在哪一個地區？,東歐,西亞,東亞,南美洲,(C) 東亞,"【正解】：(C)
【解析】：
1. 正確選項 (C)：黑面琵鷺為東亞地區特有之珍稀瀕危候鳥，其繁殖地（朝鮮半島、俄羅斯遠東）與度冬地（臺灣、香港、華南、越南）完全局限於「東亞」沿海濕地，臺灣西南沿海是全球最大的度冬棲息地。
2. 其他選項說明：(A) 東歐、(B) 西亞、(D) 南美洲皆無黑面琵鷺自然分佈。"
365,暑期練習7/23,幾十年前曾有人引進小花蔓澤蘭來綠化環境，今日這種植物已經在臺灣部份地區造成許多原生植物死亡，甚至危害農作物，因此有綠色癌症之稱，關於此現象，下列哪個選項是正確的敘述？,這是天擇的結果，應讓其自然演化,不當引入外來生物，可能破壞原本的生態平衡,應多引入外來種昆蟲，以控制此植物的繁衍,外來種植物可增加本地的生物多樣性,(B) 不當引入外來生物，可能破壞原本的生態平衡,"【正解】：(B)
【解析】：
1. 正確選項 (B)：外來物種若缺乏天敵且具備強勢競爭繁殖力（如小花蔓澤蘭大量攀附原生樹冠阻礙光合作用），將演變為外來入侵種，嚴重破壞在地生態平衡並消滅本土物種。
2. 其他選項說明：
- (A) 人為引進外來入侵種非自然演化天擇，放任將造成生態浩劫。
- (C) 隨意引進未經評估的外來昆蟲可能引發二次生態災難。
- (D) 外來入侵種會排擠本土植物，造成本土生物多樣性銳減。"
366,暑期練習7/23,下列何項對環境賀爾蒙的敘述為錯誤的？,可能存在於塑膠製品中,環境賀爾蒙為疏油性,可能導致孩童性早熟,環境賀爾蒙結構與人體雌激素相似,(B) 環境賀爾蒙為疏油性,"【正解】：(B)
【解析】：
1. 正確選項（錯誤敘述）(B)：多數環境荷爾蒙（如戴奧辛、多氯聯苯、雙酚A、塑化劑、有機氯農藥等）化學性質上具有高度的「親油性（脂溶性）」而非疏油性。正因其親油特性，極易沉積在生物體脂肪組織中並沿食物鏈產生生物放大效應。
2. 其他選項說明：
- (A) 塑化劑（鄰苯二甲酸酯類）及雙酚A普遍存在於各類塑膠製品中。
- (C) 環境荷爾蒙具類荷爾蒙活性，會干擾人體內分泌軸，容易引發幼童性早熟或發育異常。
- (D) 許多環境荷爾蒙化學結構與天然雌激素類似，能結合雌激素受體產生擬雌激素干擾效應。"
367,暑期練習7/23,下列何者為溫室氣體甲烷主要來源之一？,燃燒化石燃料,汽車冷氣的主要冷媒,燃燒木材,家畜腸道發酵作用,(D) 家畜腸道發酵作用,"【正解】：(D)
【解析】：
1. 正確選項 (D)：甲烷（CH4）增溫潛勢極高。在農業與畜牧業中，反芻家畜（如牛、羊）的瘤胃在厭氧消化發酵分解草料過程中會產生大量甲烷，並經由打嗝與腸道排氣釋放至大氣中，是全球人為甲烷排放的最主要來源之一。
2. 其他選項說明：
- (A)(C) 化石燃料與木材燃燒產物主要為二氧化碳（完全燃燒）與一氧化碳（不完全燃燒）。
- (B) 汽車冷媒主要為氫氟碳化物（如HFC-134a），非甲烷。"
368,暑期練習7/23,下列對於土壤肥沃的描述何者正確？,土壤很紅,土壤很鬆,提供作物生產需求養份,土壤屬中性，不酸也不鹼,(C) 提供作物生產需求養份,"【正解】：(C)
【解析】：
1. 正確選項 (C)：土壤肥力（Soil Fertility）的科學定義，是指土壤能夠持續供應並協調植物與農作物正常生長發育所必需之水份、養分（氮、磷、鉀、微量元素等）、空氣與熱量的綜合能力。
2. 其他選項說明：
- (A) 紅壤常為強烈淋溶後的酸性土壤，有效養分常偏低，不代表肥沃。
- (B) 土壤疏鬆利於通氣排水，但若缺乏養分仍非肥沃土壤。
- (D) 酸鹼度適中是良好條件，但若無充足植物必需營養元素仍無法稱為肥沃。"
369,暑期練習7/23,垃圾源頭減量最有效的方法為？,做好垃圾分類，資源回收,多使用塑膠製品,建造焚化爐，減少垃圾體積,惜物惜福，減少垃圾的產生,(D) 惜物惜福，減少垃圾的產生,"【正解】：(D)
【解析】：
1. 正確選項 (D)：在廢棄物管理層級中，「源頭減量（Reduce）」是最根本的第一優先原則。養成「惜物惜福、減少不必要消費、自備環保用具、減少過度包裝」，從源頭根本不產生垃圾，遠勝於垃圾產生後的管末回收或焚化處理。
2. 其他選項說明：
- (A) 資源回收屬於垃圾產生後的再利用手段，次於源頭減量。
- (B) 使用塑膠製品會大量增加難分解廢棄物。
- (C) 建造焚化爐為管末處理設施，無法達到源頭減量。"
370,暑期練習7/23,關於壽山國家自然公園，以下敘述何者正確？,太魯閣族人可能曾在此生活,噶瑪蘭族人可能曾在這此生活,馬卡道族人可能曾在這生活,凱達格蘭族人可能曾在此生活,(C) 馬卡道族人可能曾在這生活,"【正解】：(C)
【解析】：
1. 正確選項 (C)：高雄壽山國家自然公園及鄰近左營舊城一帶，在歷史文獻與考古調查中，是臺灣平埔原住民族「馬卡道族（Makatao）」打狗社的傳統世居活動場域。
2. 其他選項說明：
- (A) 太魯閣族：主要分佈於花蓮山區與東部。
- (B) 噶瑪蘭族：原居於宜蘭蘭陽平原。
- (D) 凱達格蘭族：主要分佈於臺北盆地及北部沿海。"
371,暑期練習7/23,"今年1月6日至8日舉行的「2023黑面琵鷺全球同步普查」記錄到全球共有6,603隻度冬的黑面琵鷺，請問台灣共記錄到幾隻？",1228,2228,4228,6228,(C) 4228,"【正解】：(C)
【解析】：
1. 正確選項 (C)：由香港觀鳥會統籌、中華民國野鳥學會等執行的「2023黑面琵鷺全球同步普查」官方結果顯示，全球共記錄到 6,603 隻度冬黑面琵鷺，其中臺灣共記錄到「4,228 隻」（佔全球總數約 64%），為全球黑面琵鷺最重要的度冬棲地。
2. 其他選項說明：(A)、(B)、(D) 皆非 2023 年普查之臺灣官方記錄數據。"
372,暑期練習7/23,在生物鏈越上端的物種其體內累積持久性有機污染物(POPs)濃度將越高，危害性也將越大，這是說明POPs具有下列何種特性？,持久性,半揮發性,高毒性,生物累積性,(D) 生物累積性,"【正解】：(D)
【解析】：
1. 正確選項 (D)：POPs 具有高脂溶性且不易被生物代謝分解，當生物攝入後殘留於體內，高階掠食者經由食物網捕食低階生物，使污染物濃度隨營養階層逐級呈倍數放大的現象，稱為「生物累積性（Bioaccumulation）」或「生物放大作用（Biomagnification）」。
2. 其他選項說明：
- (A) 持久性：指在環境中抗光解與生物降解的長期殘留特性。
- (B) 半揮發性：指易在大氣與地表間反覆蒸發沉降以進行長程跨國傳輸。
- (C) 高毒性：指極低劑量即可造成生物致癌、畸形或內分泌紊亂。"
373,暑期練習7/23,全球溫度上升會使下列何種現象變得更加嚴重？,酸雨現象,聖嬰現象,日蝕現象,地震頻繁現象,(B) 聖嬰現象,"【正解】：(B)
【解析】：
1. 正確選項 (B)：全球暖化導致海水表面溫度上升與海洋熱含量激增，加劇了熱帶太平洋海氣交互作用的不穩定性，使「聖嬰現象（El Niño）」與反聖嬰現象的發生強度、頻率與極端乾旱/洪澇災害變得更加劇烈。
2. 其他選項說明：
- (A) 酸雨主要受工業與交通排放硫氧化物/氮氧化物影響，與氣溫上升無直接正相關。
- (C) 日蝕為月球遮擋太陽光的天體軌道天文現象，與地表氣溫無關。
- (D) 地震由板塊地質構造運動驅動，非大氣氣溫上升所致。"
374,暑期練習7/23,為了防範「登革熱疫情」，做以下何者行為來有效防範「登革熱疫情」？,去除家中及周遭環境的積水,多種植植物,把門打開通風,噴大量的芳香劑,(A) 去除家中及周遭環境的積水,"【正解】：(A)
【解析】：
1. 正確選項 (A)：登革熱病媒蚊（埃及斑蚊、白線斑蚊）幼蟲孑孓必須在積水中孵化生長。因此「徹底清除家戶室內外所有積水容器（落實巡、倒、清、刷）」消除孳生源，是防範登革熱最根本有效的措施。
2. 其他選項說明：
- (B) 種植植物若花盆底盤或積水容器未清，反而成為病媒蚊孳生溫床。
- (C) 敞開大門若無紗窗阻隔，會讓戶外蚊蟲直接飛入叮咬。
- (D) 芳香劑無法殺死病媒蚊或孑孓。"
375,暑期練習7/23,羅漢門迎佛祖「主神三轎」，若就其角色而言，可分為『』為一號轎，『』為二號轎，『』則為三號轎，參與神尊各有不同的歷史背景與任務功能。請問三轎主神依序為？,土地公轎、佛祖轎、陪香轎,土地公轎、陪香轎、佛祖轎,佛祖轎、土地公轎、陪香轎,佛祖轎、陪香轎、土地公轎,(B) 土地公轎、陪香轎、佛祖轎,"【正解】：(B)
【解析】：
1. 正確選項 (B)：高雄內門（羅漢門）迎佛祖為國家級無形文化資產。其遶境進香隊伍中「主神三轎」的科儀編制為：一號轎為開路巡視的「土地公轎（福德正神）」、二號轎為引導隨侍的「陪香轎」、三號轎為核心壓軸主神「佛祖轎（觀音佛祖）」，象徵土地公在前開道領航、佛祖在後庇佑萬民。
2. 其他選項說明：(A)、(C)、(D) 排序不符內門迎佛祖傳統遶境禮制科儀。"
376,暑期練習7/23,我們挑選冷氣時應該重視下列何種指標對環境才是更友善的？,HP值,EER值,A值,COD值,(B) EER值,"【正解】：(B)
【解析】：
1. 正確選項 (B)：挑選冷氣時應重視能源效率指標，如「EER值（能源效率比）」或現行「CSPF（冷氣季節性能因數）」。EER值越高，代表冷氣消耗相同電能所產生的冷房能力越高（即越省電、耗能越少），對環境更友善。
2. 其他選項說明：
- (A) HP值：馬力（Horsepower），代表功率大小，非能源效率指標。
- (C) A值：電流安培數（Ampere），不能單獨反映效率。
- (D) COD值：化學需氧量，為水質有機污染監測指標。"
377,暑期練習7/23,近年來，臺灣大量使用地下水的結果，部分地區開始出現下列哪些現象？(A)優養化；(B)地層下陷；(C)土壤鹽化；(D)湖泊污染；(E)地下水鹹化。,ABC,BCE,BCD,CDE,(B) BCE,"【正解】：(B)
【解析】：
1. 正確選項 (B)：臺灣沿海地區長期超抽地下水造成三大連鎖環境危害：
   - (B) 地層下陷：地下水位驟降導致未固結泥層壓密；
   - (E) 地下水鹹化：淡水水壓低於海水面，引起海水倒灌滲入地下含水層；
   - (C) 土壤鹽化：抽用已鹹化之地下水灌溉或海水倒灌淹沒農田，水分蒸發後鹽分殘留表土。
   因此 (B)(C)(E) 為超抽地下水之直接惡果。
2. 其他選項說明：(A) 優養化與 (D) 湖泊污染主要由地表排放過量營養鹽與廢水引起，非超抽地下水所致。"
378,暑期練習7/23,宜蘭縣政府發放廚餘回收桶給家戶，避免將廚餘混入一般垃圾送入焚化爐燃燒，廚餘不適合燃燒的原因下列何者正確？,廚餘含有大量水分，會降低焚化爐的焚燒溫度,廚餘進入焚化爐燃燒，會導致戴奧辛的產生,廚餘鹽份太高，也容易傷害爐體,以上皆是,(D) 以上皆是,"【正解】：(D)
【解析】：
1. 正確選項 (D)：廚餘混入垃圾焚化會產生多重嚴重問題：
   - (A) 廚餘含水率高達 70~80%，進爐會吸收大量熱能蒸發，顯著降低焚化溫度並耗費輔助燃料；
   - (B) 爐溫降低（低於850℃）且在含氯環境下，極易促使劇毒「戴奧辛」生成；
   - (C) 廚餘含鹽分（氯化鈉），高溫燃燒產生氯化氫酸性氣體，會嚴重腐蝕焚化爐管線與耐火爐壁。
   故 (A)(B)(C) 全數正確，應選 (D)。
2. 其他選項說明：各單項皆為重要原因，故應選涵蓋全面的 (D)。"
379,暑期練習7/23,在勞動時大量出汗，鹽份亦會同時損耗，若只補充水份容易引起肌肉抽搐疼痛。此為何種熱危害症狀？,熱中暑,熱痙攣,熱衰竭,心臟衰竭,(B) 熱痙攣,"【正解】：(B)
【解析】：
1. 正確選項 (B)：「熱痙攣（Heat Cramps）」係因在高溫環境下大量排汗流失水分與電解質（鈉、氯離子），此時若僅大量補充純水而未適當補充電解質，造成體內低血鈉，引發肌肉（如小腿腓腸肌、手臂或腹肌）發生非自主性強烈痙攣與劇烈抽搐疼痛。
2. 其他選項說明：
- (A) 熱中暑：體溫調節中樞失調，核心體溫超過40℃，皮膚乾熱無汗伴隨意識障礙，有生命危險。
- (C) 熱衰竭：大量出汗導致脫水與有效循環血量不足，出現臉色蒼白、頭暈、噁心、虛弱無力。
- (D) 心臟衰竭：為心血管器質性病變，非單純熱危害肌肉抽搐症狀。"
380,暑期練習7/23,有關生物多樣性的觀念，下列哪個選項是「錯誤」的？,引進世界各地區之不同種生物，以增加臺灣的生物多樣性,生物多樣性有利於維持生態系的平衡,生物多樣性有助於自然界物質及能量的流動,與人類較無直接相關的生物種類，也應該加以保留,(A) 引進世界各地區之不同種生物，以增加臺灣的生物多樣性,"【正解】：(A)
【解析】：
1. 正確選項（錯誤敘述）(A)：隨意引進世界各地外來物種極易演變為「外來入侵種」，入侵種會排擠、掠食本土原生種並傳播疾病，反而造成本土物種滅絕、摧毀在地生態平衡。生物多樣性保育的核心是保護「本土原生生物及其棲地」，絕非盲目引入外來種。
2. 其他選項說明：
- (B) 生物多樣性越豐富，生態系食物網越穩定，自我調節與抵抗外在干擾之能力越強。
- (C) 多樣的生產者、消費者與分解者維繫了地球物質循環與能量流動。
- (D) 每個物種在生態系中皆有其不可替代的生態棲位與存在價值，皆應加以保護。"
381,暑期練習7/23,為了防治秋行軍蟲，農委會訂定了通緝四步驟，不包括以下何者？,巡察,辨識,通報,用藥,(D) 用藥,"【正解】：(D)
【解析】：
1. 正確選項 (D)：農業部（前農委會）為防止重大害蟲秋行軍蟲蔓延，向農民與全民宣導的通緝早期預警口訣為「巡察（巡視田區）、辨識（外觀特徵確認）、通報（拍照通報防檢局）」，後續由政府專家指導標準防治處置。農民自行通緝步驟中不包含「自行隨意用藥」（以避免濫用農藥及害蟲產生抗藥性）。
2. 其他選項說明：(A)、(B)、(C) 皆為官方通報防範秋行軍蟲的關鍵步驟。"
382,暑期練習7/23,位於熱帶地區的達悟族如何降低酷暑時住家之高溫？,部落建坡地上享受季節性涼風,儲存冬季積雪，夏日取出降溫,居家四週灑水，降低環境溫度,屋頂開立天窗，增加空氣對流,(A) 部落建坡地上享受季節性涼風,"【正解】：(A)
【解析】：
1. 正確選項 (A)：蘭嶼達悟族傳統聚落依山面海建築於斜坡地上，除了地下屋能利用土壤熱阻隔防颱隔熱外，聚落選址於迎海風之坡地，且家戶前建有通風良好的「高架涼臺（涼亭）」，讓族人在酷暑時登臺享受季節性清涼海風。
2. 其他選項說明：
- (B) 蘭嶼地處熱帶低海拔島嶼，冬季溫暖終年無雪。
- (C)(D) 非達悟族傳統適應熱帶海洋島嶼氣候的主要聚落選址與建築特色。"
383,暑期練習7/23,下列何者是臺灣主要面臨的環境問題之一？,垃圾量逐年減少,輻射外洩,空氣污染嚴重,降雨日增加,(C) 空氣污染嚴重,"【正解】：(C)
【解析】：
1. 正確選項 (C)：臺灣因地狹人稠、工廠車輛密集，加上秋冬季節受中央山脈地形阻隔造成西南部弱風擴散不易，常導致細懸浮微粒（PM2.5）與臭氧濃度超標，「空氣污染嚴重」是臺灣長期面臨的重大環境與公衛課題。
2. 其他選項說明：
- (A) 廢棄物去化處理壓力依然沉重，並非主要環境問題的描述。
- (B) 臺灣目前並未發生常態性重大核輻射外洩事故。
- (D) 氣候變遷下臺灣呈現「降雨日數減少、暴雨強度激增」之趨勢，非降雨日增加。"
384,暑期練習7/23,臺灣山坡地質條件不佳，因此經常發生坡地災害。下列關於地層滑動的敘述，何者正確？,地層滑動通常出現在盆地或平地,其運動速率非常快速,當地層滑動過後，此地將不會再出現滑動的可能,產生原因多為豪雨及地質構造運動等天然因素,(D) 產生原因多為豪雨及地質構造運動等天然因素,"【正解】：(D)
【解析】：
1. 正確選項 (D)：地層滑動（Landslide/山崩/順向坡滑移）的發生，主要是山坡岩層在重力作用下，受到豪雨滲入使地下水位上升、孔隙水壓升高降低抗剪強度，加上板塊地質構造運動（斷層、褶皺破碎帶）與地震觸發所致。
2. 其他選項說明：
- (A) 地層滑動需要足夠坡度，好發於山坡地與順向坡，非平地或盆地。
- (B) 相較於瞬間崩塌，大型地層滑動初期蠕動滑移速率通常較為緩慢。
- (C) 地層滑動後地質更加鬆散破碎，豪雨時極易再次發生重複滑動。"
385,暑期練習7/23,下列何項環境賀爾蒙化學物質在應用上配對錯誤？,雙酚A→塑化劑,壬基酚→工業清潔劑,五氯酚→農藥,全氟化合物→阻燃劑,(D) 全氟化合物→阻燃劑,"【正解】：(D)
【解析】：
1. 正確選項（配對錯誤）(D)：全氟化合物（PFAS）具疏水疏油特性，主要用於製造不沾鍋塗層（鐵氟龍）、防污防水紡織品及滅火泡沫等；而常見的「阻燃劑」主要是「多溴二苯醚（PBDEs）等溴化阻燃劑」。因此全氟化合物配對阻燃劑為錯誤。
2. 其他選項說明：
- (A) 雙酚A（BPA）用於聚碳酸酯塑膠改質與環氧樹脂。
- (B) 壬基酚（NP）曾廣泛用於製造非離子界面活性劑（工業清洗劑）。
- (C) 五氯酚（PCP）曾廣泛用作除草農藥與木材防腐防黴劑。"
386,暑期練習7/23,下列何種現象是造成森林自燃的主要原因？,因為颳風下雨，使樹木不斷摩擦產生,因季節性氣候乾燥，容易產生高溫環境,因土石崩落，造成火災,因人為疏忽造成火災,(B) 因季節性氣候乾燥，容易產生高溫環境,"【正解】：(B)
【解析】：
1. 正確選項 (B)：森林自燃（自然野火）的關鍵環境條件為「季節性氣候乾燥與高溫」。在長期乾旱無雨、空氣濕度極低的環境下，林地枯枝落葉含水率極低，在烈日曝曬累積熱量、枯木堆積氧化放熱或伴隨雷擊下，極易引發森林自燃火災。
2. 其他選項說明：
- (A) 下雨時環境潮濕，不可能因摩擦自燃。
- (C) 土石崩落非季節性森林大規模自燃主因。
- (D) 人為疏忽屬於「人為引發火災」，非題幹所指之自然「自燃」機制。"
387,暑期練習7/23,新北市蘆洲2021年虐貓「茶茶事件」。當時一名黎姓男子因與女友吵架，竟用熱水將二人共同飼養的貓咪「茶茶」凌虐致死，新北地院依違反下列何者法規處以罰鍰？,《環境教育法》,《動物保護法》,《廢棄物清理法》,《水污染防治法》,(B) 《動物保護法》,"【正解】：(B)
【解析】：
1. 正確選項 (B)：為保護動物生命尊嚴與福祉，我國制定《動物保護法》。依《動保法》規定，任何人不得虐待、傷害動物；故意傷害動物致重要器官損壞或死亡者，處二年以下有期徒刑或拘役，併科罰金。新北地院即依《動物保護法》重判該虐貓男子刑責與罰金。
2. 其他選項說明：(A)《環境教育法》、(C)《廢棄物清理法》、(D)《水污染防治法》皆非規範虐待動物行為之專門法規。"
388,暑期練習7/23,地球平均氣溫愈來愈高，一般認為的主因為下列何者？,火山活動增加,人為二氧化碳的排放量增加,太陽輻射,空氣中帶有硫酸及硝酸成分,(B) 人為二氧化碳的排放量增加,"【正解】：(B)
【解析】：
1. 正確選項 (B)：聯合國 IPCC 科學報告明確證實，工業革命以來全球平均氣溫持續攀升的主要驅動力，是人類大量燃燒化石燃料與濫伐森林，導致「大氣中人為二氧化碳（CO2）等溫室氣體濃度急遽增加」，強化溫室效應截留地表熱量所致。
2. 其他選項說明：
- (A) 火山噴發釋放二氧化硫氣膠，短期內反而會反射陽光造成降溫（陽傘效應）。
- (C) 太陽輻射週期波動極小，無法解釋近百年全球氣溫劇烈上升。
- (D) 硫酸與硝酸主要引發酸雨危害，非造成全球氣溫暖化的主因。"
389,暑期練習7/23,造成土石流的原因有自然跟人為二種因素，為避免人為因素造成土石流，下列何者是我們可以做的？,開墾山坡地，改種茶葉、檳榔樹等經濟作物,將不要的工程廢土填置在山坡地,多在山上開路採礦,在山坡地多種植抓地力強的樹種,(D) 在山坡地多種植抓地力強的樹種,"【正解】：(D)
【解析】：
1. 正確選項 (D)：在山坡地種植「深根性、抓地力強的原生樹種（如相思樹、光蠟樹、櫸木等）」，發達的根系能固結土壤與破碎岩盤，林冠能截留雨水減緩地表逕流沖蝕，是預防土石流最有效的生態水土保持措施。
2. 其他選項說明：
- (A) 砍伐林木改種淺根的茶樹或抓地力差的檳榔樹，會破壞水土保持、加劇崩塌。
- (B) 於山坡地傾倒工程廢土會形成鬆散土堆，豪雨時極易形成土石流。
- (C) 濫開道路與採礦會破壞坡腳穩定，大幅增加土石流風險。"
390,暑期練習7/23,「這種氣體在溫室氣體中，雖然吸收長波輻射能量的能力最低，但是它卻占了溫室氣體總量的大部分，而對溫室效應造成最大的影響。」，上述氣體最可能為下列何者？,甲烷,二氧化碳,全氟化碳,六氟化硫,(B) 二氧化碳,"【正解】：(B)
【解析】：
1. 正確選項 (B)：在各類溫室氣體中，二氧化碳（CO2）的全球增溫潛勢基準值定為 1（單一分子吸收長波紅外線能力最低）；然而由於人類每年排放數百億噸二氧化碳，其在大氣中的排放總量與體積濃度遠遠超過其他溫室氣體（佔人為溫室效應總貢獻度 70% 以上），因此對全球暖化影響最大。
2. 其他選項說明：(A) 甲烷（GWP約28）、(C) 全氟化碳（GWP數千至上萬）、(D) 六氟化硫（GWP約23,500）單分子吸收能力皆極高，但大氣中總量遠低於二氧化碳。"
391,暑期練習7/23,鵝鑾鼻公園裡，什麼地方是蝴蝶們絕佳的避風港，可以阻擋落山風？,燈塔,矮灌木,棕櫚樹,珊瑚礁岩,(D) 珊瑚礁岩,"【正解】：(D)
【解析】：
1. 正確選項 (D)：鵝鑾鼻公園內的「隆起珊瑚礁岩石林與峽谷地形」形成了天然的避風屏障，能有效阻絕強勁的落山風，礁縫形成的溫暖微氣候成為蝴蝶等昆蟲棲息覓食與避風的最佳天然庇護所。
2. 其他選項說明：(A) 燈塔居高迎風；(B) 矮灌木、(C) 棕櫚樹抗風遮蔽效果有限，皆不如巨型珊瑚礁岩之避風效果。"
392,暑期練習7/23,下列何者為評估水體品質常用之生物指標？,青黴菌,大腸桿菌群,藍綠菌,肉毒桿菌,(B) 大腸桿菌群,"【正解】：(B)
【解析】：
1. 正確選項 (B)：「大腸桿菌群（Coliform group）」主要棲息於溫血動物與人類腸道中，隨糞便排出。檢測水中大腸桿菌群數量，能直接靈敏反映水體是否遭受糞便或生活污水污染，並間接指示腸道病原菌之存在風險，是國內外環境與飲用水水質標準中最核心的微生物「生物指標」。
2. 其他選項說明：
- (A) 青黴菌：為常見真菌，非水質衛生指標。
- (C) 藍綠菌：為水體藻類（水華指標），非常規水質糞便污染微生物指標。
- (D) 肉毒桿菌：為食品中毒厭氧菌，非水質監測常態指標。"
393,暑期練習7/23,由板塊擠壓而成的臺灣，地殻活動仍持續進行。下列有關敘述何者是「錯誤」的？,嘉南平原的沉積物有部分來自中央山脈,陸地上升會加速侵蝕作用的進行,數百萬年後，臺灣可能被侵蝕成平坦的地形，高山將消失,板塊擠壓使斷層活動頻繁,(C) 數百萬年後，臺灣可能被侵蝕成平坦的地形，高山將消失,"【正解】：(C)
【解析】：
1. 正確選項（錯誤敘述）(C)：臺灣地處歐亞大陸板塊與菲律賓海板塊活躍碰撞帶，造山運動持續旺盛進行（板塊每年持續擠壓碰撞，山脈每年持續抬升）。只要板塊擠壓的內營力持續進行，地形抬升與外營力侵蝕便會維持動態平衡，高山地貌將持續存在，不會在板塊持續聚合期間被夷為平地。
2. 其他選項說明：
- (A) 中央山脈經風化侵蝕後的泥沙碎屑經河川搬運沉積於下游，形成廣大的嘉南平原。
- (B) 陸地抬升加大地勢位能落差，促使河川下切與侵蝕作用顯著加劇。
- (D) 板塊持續強烈擠壓蓄積巨大地殼應力，導致斷層活動與地震頻繁。"
394,暑期練習7/23,環境部修正「免洗餐具限制使用對象及實施方式」公告，自112年何時起，8類限制使用對象不得提供生物可分解塑膠製成之免洗餐具？,7月1日,8月1日,9月1日,10月1日,(B) 8月1日,"【正解】：(B)
【解析】：
1. 正確選項 (B)：環境部為落實源頭減塑，並考量生物可分解塑膠（如PLA）在國內缺乏專門高溫堆肥設施且易混入傳統塑膠回收系統造成困擾，公告修正「免洗餐具限制使用對象及實施方式」，正式自「民國112年（2023年）8月1日」起，公部門、學校、百貨量販、連鎖便利商店、餐飲業等8大類管制對象，全面不得提供生物可分解塑膠（PLA）製成之免洗餐具。
2. 其他選項說明：(A)、(C)、(D) 皆非法定公告正式施行日期。"
395,暑期練習7/23,想要在墾丁國家公園觀賞最壯觀的猛禽遷徙景觀最好的季節是？,春天,夏天,秋天,冬天,(C) 秋天,"【正解】：(C)
【解析】：
1. 正確選項 (C)：每年「秋天（9月至10月）」，數十萬隻繁殖於東北亞的候鳥猛禽南遷度冬行經恆春半島出海。9月以「赤腹鷹」數量最為龐大（單季可達十餘萬隻），10月中旬則有壯觀的「灰面鵟鷹（國慶鳥）」過境滿州與社頂，是墾丁觀賞「起鷹」、「鷹柱」最壯觀的季節。
2. 其他選項說明：
- (A) 春天猛禽北返路線多偏向臺灣西部與中部（如八卦山），墾丁數量不如秋季壯觀。
- (B)(D) 夏季猛禽在北方繁殖，冬季在南洋度冬，墾丁非遷徙期。"
396,暑期練習7/23,民眾在丟垃圾時，應依政府規定將垃圾分為幾類？,五大類,四大類,三大類,兩大類,(C) 三大類,"【正解】：(C)
【解析】：
1. 正確選項 (C)：依據環境部推動之「垃圾強制分類」政策規定，民眾家戶排出垃圾時，必須落實分為「三大類」：
   - 1.「資源垃圾」（紙類、塑膠、金屬、玻璃、乾電池等）；
   - 2.「廚餘」（生廚餘/堆肥、熟廚餘/養豬）；
   - 3.「一般垃圾」（不可回收且非廚餘之一般廢棄物）。
2. 其他選項說明：(A)、(B)、(D) 皆非法定垃圾強制分類之三大基本類別標準。"
397,暑期練習7/23,下列何者是土石流的特徵？,表面流速慢，下面流速快,表面流速快，下面流速慢,泥沙濃度低,衝擊力不大,(B) 表面流速快，下面流速慢,"【正解】：(B)
【解析】：
1. 正確選項 (B)：土石流為泥砂、石塊與水混合之高濃度流體。在流動過程中，底部與兩側因接觸河床邊界產生極大的摩擦阻力，使底層流速受到拖曳而減緩；而表層流體阻力較小，呈現「表面流速快、下面流速慢」的典型層流/速度剖面特徵。
2. 其他選項說明：
- (A) 因底層摩擦力大，不可能出現下面流速快於表面的現象。
- (C) 土石流的固體泥沙容積濃度極高（體積濃度通常超過50%）。
- (D) 土石流攜帶巨石以高速奔流，具備毀滅性的巨大衝擊破壞力。"
398,暑期練習7/23,用自來水養魚，為什麼容易造成魚兒死亡？,自來水中沒有氧氣,自來水中沒有養分,自來水中含有餘氯,自來水中含有臭氧,(C) 自來水中含有餘氯,"【正解】：(C)
【解析】：
1. 正確選項 (C)：自來水廠在淨水末端會加氯消毒，使管網末端保有一定濃度的「有效餘氯」以抑制細菌。餘氯對水生生物具有強烈毒性，會破壞魚類鰓部黏膜細胞與微血管，導致魚兒呼吸衰竭死亡。因此自來水養魚前須先經曝氣或除氯處理。
2. 其他選項說明：
- (A) 自來水中溶有一定溶解氧，並非無氧。
- (B) 魚類靠飼料獲取養分，水中缺養分非急性暴斃主因。
- (D) 臺灣自來水消毒主要使用氯劑，管網末端殘留的是餘氯而非臭氧。"
399,暑期練習7/23,下列何者是從源頭減少土壤污染的方法？,改善工業製程，降低製程污染排放,把污染的土壤移到別的地方,針對可能污染的土壤進行土壤檢測,把有污染的區域劃定為污染管制區,(A) 改善工業製程，降低製程污染排放,"【正解】：(A)
【解析】：
1. 正確選項 (A)：「源頭減量（Source Reduction）」是指在污染物產生前，從根本消除或減少其產生。「改善工業製程（如採用綠色化學製程、清潔生產、提升廢液防漏回收設施）」能直接杜絕有毒重金屬與廢液滲入土壤，是真正的源頭預防措施。
2. 其他選項說明：
- (B) 移走受污染土壤屬於管末清理或污染轉移，非源頭減量。
- (C) 土壤檢測為環境監測調查手段。
- (D) 劃定管制區為事後法規管制與風險阻隔措施。"
400,暑期練習7/23,環境部於111年1月1日起推動「廢車回收一站通」服務，請問下列選項中何者對於此服務的描述錯誤？,報廢車輛可以不用至監理站辦理,回收獎勵金直接匯入戶頭,完成報廢車籍，且汽車車齡達5年以上者，可申請回收獎勵金,車牌可交由回收商代為繳回,(C) 完成報廢車籍，且汽車車齡達5年以上者，可申請回收獎勵金,"【正解】：(C)
【解析】：
1. 正確選項（錯誤敘述）(C)：依據環境部「廢機動車輛回收獎勵金」規定：廢機車車齡須達「7年（含）以上」（每輛獎勵金300元）；廢汽車車齡須達「10年（含）以上」（每輛獎勵金1,000元）。因此「汽車車齡達5年以上」之描述錯誤（5年以上為老舊車輛汰舊換新減徵貨物稅之規定，非廢車回收獎勵金門檻）。
2. 其他選項說明：
- (A) 透過「廢車回收一站通」線上系統，可一站式完成車體回收與監理車籍報廢，免跑監理站。
- (B) 經審核通過後，廢車回收獎勵金直接電匯至車主帳戶。
- (D) 車主在回收商到府拖吊時，可將車牌交由回收商代為繳回監理單位。"
401,暑期練習7/27,以下哪一項國際協議為全球共同面對氣候變遷與減碳的行動框架？,巴塞爾公約,巴黎協定,斯德哥爾摩公約,蒙特婁議定書,(B) 巴黎協定,"【正確解析】《巴黎協定》（Paris Agreement）於2015年由聯合國氣候變遷綱要公約（UNFCCC）締約方大會通過，是目前全球共同應對氣候變遷與推動減碳的最核心國際法律框架。其核心目標是將全球平均氣溫升幅控制在工業化前水準的2°C以內，並努力限制在1.5°C以內，並要求各國提出「國家自主貢獻」（NDC）以邁向淨零排放。
【其他選項解析】
• 巴塞爾公約：主要規範危險廢棄物與其他廢棄物的越境轉移與妥善處置。
• 斯德哥爾摩公約：針對持久性有機污染物（POPs）進行限制、減排與消除。
• 蒙特婁議定書：主要規範逐步淘汰消耗臭氧層物質（如氟氯碳化物CFCs），保護地球臭氧層。"
402,暑期練習7/27,根據《文化資產保存法》，下列何者敘述錯誤？,毀損或移走古蹟，可能判刑並罰錢。,文化資產若損壞，要回復原狀，若無法回復則賠償損害。,國寶或重要古物要出國，需先申請主管機關核准。,公有古物想要複製收藏，為個人行為，政府不會干涉。,(D) 公有古物想要複製收藏，為個人行為，政府不會干涉。,"【正確解析】依據我國《文化資產保存法》規定，公有及公有產權之古物屬於全民文化資產，不得轉讓為私有。若因研究、宣導或展示需要複製或再複製公有古物，必須向原保管機關（構）提出申請並報主管機關核准，受嚴格法規監督與授權，絕非純屬不受政府干涉之個人自由行為，故選項D錯誤。
【其他選項解析】
• 選項A正確：文資法第103條規定，毀損古蹟、暫定古蹟之全部或一部，處6個月以上5年以下有期徒刑，得併科新臺幣50萬元以上2,000萬元以下罰金。
• 選項B正確：毀損文化資產除負刑事責任外，亦負有回復原狀或賠償損害之民事責任。
• 選項C正確：國寶或重要古物運出國境展覽等，必須事先報請中央主管機關（文化部）核准。"
403,暑期練習7/27,隨著科技的進步，現代科學家運用什麼方法，來進行更高效率的「微生物研究」？,用培養液及特定的培養條件，培養出微生物。,"次世代基因定序法(Next Generation Sequencing, NGS)",桑格定序法(Sanger sequencing),以上皆為高效率的研究方式,"(B) 次世代基因定序法(Next Generation Sequencing, NGS)","【正確解析】自然界中超過99%的微生物屬於「不可培養微生物」（Unculturable microorganisms）。現代科學家運用「次世代基因定序法」（Next Generation Sequencing, NGS）與總體基因體學（Metagenomics），可直接自環境樣品（土壤、海水、腸道等）中萃取全部微生物DNA進行大規模高通量平行定序，能以極高效率解析複雜菌群的組成多樣性與代謝基因功能。
【其他選項解析】
• 傳統培養法：受限於培養條件，絕大多數環境微生物無法在實驗室人工培養，耗時且效率低。
• 桑格定序法：為第一代定序技術，每次僅能定序單一片段DNA，通量低、成本高，難以應對複雜菌群研究。"
404,暑期練習7/27,焚化底渣資源化處理後，所分離出的鐵金屬與非鐵金屬，應依規定如何處理？,由合格回收商處理,掩埋處理,覆土處理,焚化廠處理,(A) 由合格回收商處理,"【正確解析】垃圾焚化底渣經由篩分、磁選（分離鐵金屬）與渦電流分選（分離非鐵金屬如鋁、銅）等資源化前處理後，分離出的金屬均具高再生利用價值。依據環境部相關法規與再利用管理辦法，此類金屬物料應交付合格之金屬回收商/再利用機構進行熔煉再生，促進資源循環。
【其他選項解析】
• 掩埋或覆土處理會浪費可再生資源，不符合資源循環零廢棄政策。
• 金屬無法於焚化爐中燃燒，重新送回焚化廠毫無效益。"
405,暑期練習7/27,下列何者不是臺灣「2050 淨零排放」十二項關鍵戰略？,前瞻能源,海洋保育,公正轉型,綠色金融,(B) 海洋保育,"【正確解析】國發會公布之「臺灣2050淨零排放路徑」包含12項關鍵戰略：1.風電/光電、2.氫能、3.前瞻能源、4.電力系統與儲能、5.節能、6.碳捕捉利用及封存(CCUS)、7.運具電動化及無碳化、8.資源循環零廢棄、9.自然碳匯、10.淨零綠生活、11.綠色金融、12.公正轉型。「海洋保育」雖為重要環境保護工作，但不屬於這12項特定戰略名稱（海洋吸碳歸屬於自然碳匯/藍碳）。
【其他選項解析】前瞻能源（地熱、海洋能、生質能等）、綠色金融、公正轉型皆名列12項關鍵戰略之中。"
406,暑期練習7/27,過去大安森林公園曾經捕捉到鱷魚。推測鱷魚出現的來源為何？,遭民眾棄養的寵物,公園內原有的生物,政府引入用來增加公園內生物多,學術單位進行的保育研究,(A) 遭民眾棄養的寵物,"【正確解析】大安森林公園水池中出現的鱷魚（如眼鏡凱門鱷等）屬於外來物種，源自部分民眾將幼鱷當作特殊寵物飼養，長大後因體型龐大、具攻擊性或無力照顧而隨意棄養至公園水塘。外來種棄養會破壞本土水域生態並嚴重危害遊客安全。
【其他選項解析】臺灣本島都市公園並無原生鱷魚分佈；政府絕不會引進兇猛外來掠食動物來增加生物多樣性；亦非學術單位之野放研究。"
407,暑期練習7/27,下列何者為泰雅族傳統織布的重要原料？,棉花,亞麻,黃麻,苧麻,(D) 苧麻,"【正確解析】泰雅族以精湛的傳統編織工藝聞名，其織布最核心的天然植物纖維原料為「苧麻」（Boehmeria nivea）。泰雅婦女自古栽植苧麻，經剝皮取纖、刮麻、曬麻、撚紗、紡線、染色等繁複工序後，利用水平背帶織布機織造出具族群象徵（如祖靈之眼、彩虹橋紋飾）之精美布料。
【其他選項解析】棉花、亞麻、黃麻均非臺灣原住民族泰雅族自古傳統自產織布的主要原料。"
408,暑期練習7/27,以下哪一項飲食行為最符合低碳飲食原則？,食用高級進口和牛,食用在地當季水果,食用網購外送餐點,食用精緻烘焙甜點,(B) 食用在地當季水果,"【正確解析】低碳飲食（Low Carbon Diet）的核心原則為「地產地消、選擇當季、多蔬食少加工」。「食用在地當季水果」不僅免除了跨國長途空運與海運所產生的龐大食物里程（Food Miles）與冷鏈溫室氣體排放，且當季種植無須耗費大量溫室空調保溫，碳足跡最低。
【其他選項解析】
• 進口和牛：牛隻反芻產生大量甲烷（強效溫室氣體），且跨國冷鏈運輸碳足跡極高。
• 網購外送餐點：包含一次性餐具包裝與機車運送之額外碳排。
• 精緻烘焙甜點：高度加工且使用大量進口奶製品與糖，碳足跡相對偏高。"
409,暑期練習7/27,研究指出，碳排放增加使氣候系統變得不穩定，進而加劇自然災害的發生。下列哪一項策略最有助於從源頭減緩這類災害的發生？,鼓勵使用再生能源,興建海水淡化廠以應對乾旱,加強預警系統以提早應對災害,設置消波塊以減緩海岸侵蝕,(A) 鼓勵使用再生能源,"【正確解析】應對氣候變遷的策略分為「減緩」（Mitigation，從源頭減少溫室氣體排放）與「調適」（Adaptation，提升承受氣候災害的韌性）。鼓勵使用太陽能、風能等無碳或低碳再生能源取代化石燃料，能直接從能源端大幅削減二氧化碳排放，達到「源頭減緩」氣候變遷與極端災害的效果。
【其他選項解析】興建海淡廠、建置預警系統、設置消波塊均屬於災害發生後的「調適與工程防禦措施」，無法減少大氣中的溫室氣體排放。"
410,暑期練習7/27,DDT造成生物放大效應的原因為何？,因DDT在生物體內無法分解，在生物體內的濃度隨著食物鏈的階層逐漸增加,因高級消費者體內分解DDT的能力較生產者低,因為較大型的動物偏好捕食具DDT的生物,因DDT使受污染生物的總生物量增大,(A) 因DDT在生物體內無法分解，在生物體內的濃度隨著食物鏈的階層逐漸增加,"【正確解析】「生物放大效應」（Biomagnification / 生物濃縮）是指具脂溶性、化學性質穩定且生物體內缺乏分解酵素的化學污染物（如DDT、戴奧辛、甲基汞等），在被初級生物吸收後儲存於脂肪組織中，隨著食物鏈營養階層逐級向上傳遞，在頂級掠食者體內累積至極高濃度的現象。
【其他選項解析】生物放大效應是因食物網能量金字塔轉移過程中毒素無法代謝累積所致，並非高級消費者分解能力差、掠食偏好或生物量增大。"
411,暑期練習7/27,下列何者不是環保標章產品的特性？,可回收,較貴,省資源,低污染,(B) 較貴,"【正確解析】我國環保標章的核心理念為「一片綠葉包裹著純淨的地球」，象徵「低污染、省資源、可回收」的綠色消費訴求。環保標章產品強調全生命週期對環境友善，其售價取決於市場機制，並非以「較貴」為產品特性；許多節能與省水標章產品在長期使用中更能為消費者節省水電開銷。
【其他選項解析】可回收、省資源、低污染為環保標章官方明定的三大核心評估面向。"
412,暑期練習7/27,若在模擬情境中，發現未來海平面上升1公尺，造成大量人口需遷移。政府應採取下列哪項策略較為有效？,禁止媒體報導災情,放任居民自行搬遷,停止所有農業活動,規劃遷村與都市轉型,(D) 規劃遷村與都市轉型,"【正確解析】面對海平面上升導致的永久性沿海淹浸與海岸線後退，最具前瞻性與系統性的氣候調適策略為推動「規劃性遷村安置」與「耐災韌性都市轉型」，透過國土空間重劃引導居民安全撤離易淹區，並配合新市鎮基礎設施建設保障民眾生計與生命安全。
【其他選項解析】隱匿災情、放任不管或全面廢除農業均屬不負責任且具破壞性的消極手段，無助於解決氣候難民與國土調適問題。"
413,暑期練習7/27,以下關於海水淡化的敘述，何者不正確？,海水淡化又稱為海水脫鹽,海水淡化的目的主要是為了提供民生用水,台灣目前的海水淡化廠大多數設立在淡水資源較不足的離島,海水淡化會導致海平面下降，減緩氣候變遷帶來的衝擊,(D) 海水淡化會導致海平面下降，減緩氣候變遷帶來的衝擊,"【正確解析】全球海水淡化所抽取的海水量相對於浩瀚的全球海洋總水量極其微不足道，且淡化後生產的水經民生或工業使用後，最終仍會經由逕流與水循環重返海洋，完全不會造成全球海平面下降，更無法減緩氣候變遷（海淡屬高耗能製程，反而需注意碳排與濃滷水排放衝擊），故選項D錯誤。
【其他選項解析】
• 海水淡化（Desalination）確實又稱海水脫鹽。
• 主要用於解決水資源匱乏地區的民生與工業供水需求。
• 臺灣現行大型海淡廠多優先建置於澎湖、金門、馬祖等淡水匱乏的離島地區。"
414,暑期練習7/27,與自然萬物和諧共處，以「燒墾游耕」方式放火燒草而不施肥，請問這是哪一族群的傳統農耕技法？,泰雅族,平埔族,西拉雅族,邵族,(A) 泰雅族,"【正確解析】臺灣高山原住民族泰雅族（Atayal）傳統上採用「燒墾游耕」（火耕輪休制 / Swidden agriculture）。泰雅族人在向陽坡地砍伐雜木並放火焚燒，利用天然草木灰作為土壤養分而不施加化肥，栽種小米、甘藷數年後隨地力衰退即休耕並遷至他處，讓土地自然休養生息，體現了順應土地承載力的生態智慧。
【其他選項解析】平埔族群（如西拉雅族）多居住於平原盆地，以定耕水旱田農作為主；邵族則居住於日月潭周邊，以水沙連農漁採集為生。"
415,暑期練習7/27,下列何者是目前臺灣生物資源遭受威脅的主因之一？,生物因天擇被淘汰,因原生生物彼此競爭大，導致物種減少,土地過度開發或不當利用,遭到天敵捕獵,(C) 土地過度開發或不當利用,"【正確解析】棲地破壞與破碎化（Habitat Loss and Fragmentation）是當前全球與臺灣生物多樣性面臨的最大威脅。人類進行山坡地超限利用、農地擴張、道路切割林地及濕地填平等人為土地過度開發，直接摧毀野生動植物的棲息地與繁殖場所，造成物種族群急劇萎縮。
【其他選項解析】自然天擇淘汰、原生種內部競爭與天敵捕食皆屬於自然生態系中長期的動態演化平衡機制，並非造成近代物種大規模瀕危的主因。"
416,暑期練習7/27,人類常會利用各種地形從事適合的活動，下列哪一項開發與地殼曾經有過的隆升作用無關？,半屏山的水泥工廠,長濱海蝕洞內的廟宇,花東海階上的聚落,蘭陽平原上的水田,(D) 蘭陽平原上的水田,"【正確解析】蘭陽平原（宜蘭平原）是由蘭陽溪等河流搬運大量泥沙至出海口堆積而成的「沖積平原」，其構造屬於沖繩海槽西端擴張形成的張裂下陷盆地，水田開發是利用平坦肥沃的沖積地形，與地殼隆升作用無關。
【其他選項解析】
• 半屏山：為隆起之古珊瑚礁石灰岩，因板塊擠壓隆升出海面後被開採製成水泥。
• 長濱海蝕洞（八仙洞）：原為海浪侵蝕形成的海蝕洞，隨海岸地殼間歇性隆起抬升至高處。
• 花東海階：為板塊擠壓造山帶中，海岸波蝕棚隨地殼持續間歇隆升形成的階梯狀地形。"
417,暑期練習7/27,每逢秋、冬季節，臺灣各個河口形成賞鳥最佳地點。若要欣賞大量「黑面琵鷺」過冬景象，以下何處最有機會？,高屏溪口,大甲溪口,曾文溪口,淡水河口,(C) 曾文溪口,"【正確解析】臺南「曾文溪口」（包含七股濕地、頂頭額汕及台江國家公園黑面琵鷺保護區）擁有廣袤的泥灘潮間帶與停養魚塭，底棲生物與小魚蝦豐富，是全球黑面琵鷺最重要的度冬棲息地，每年秋冬均吸引全球超過半數以上的黑面琵鷺族群前來度冬。
【其他選項解析】高屏溪口、大甲溪口、淡水河口雖亦有候鳥停棲，但黑面琵鷺族群數量遠不如曾文溪口集中。"
418,暑期練習7/27,下列對於自然資源保育的敍述哪一項是「錯誤」的？{...}>自然資源依其形成的特徵和被人類利用時間的長短，...[...]>有限的自然資源中，一部分是...,{...}可分為可再生資源及非再生資源兩類,可再生的自然資源是指在一定時間內透過自然生產或其他循環過程來補充,[...]可更新的，如水、土壤、動物、植物等，故不需要特別珍惜,[...]不可更新的，如泥炭、煤、石油、各種礦物等，在地球的存量有限，故應合理的利用,(C) [...]可更新的，如水、土壤、動物、植物等，故不需要特別珍惜,"【正確解析】可更新/可再生資源（如淡水、肥沃土壤、森林植被、野生動植物等）雖然具有自我修復與自然循環補充的能力，但若人類過度開發、濫伐濫捕或嚴重污染超過其環境承載力與再生速率，可再生資源依然會枯竭或永久退化（如地下水超抽枯竭、土地沙漠化、物種滅絕），因此依然必須格外珍惜並永續管理，故選項C敘述錯誤。
【其他選項解析】A、B、D選項對可再生與非再生自然資源之定義與合理利用原則敘述皆正確。"
419,暑期練習7/27,土石流災害之發生，乃因泥、砂、礫及巨石等地質材料與水之混合物受重力作用後產生流動所造成之災害，其發生包括一些要件，下列哪一項描述「不是」相關要件？,足夠的上游堆積物,有效的河床坡度,充足的水量,水土保持良好,(D) 水土保持良好,"【正確解析】土石流發生的三大必備物理要件為：1. 豐富鬆散的固體土石材料（充足的堆積物）；2. 充足的水分（強降雨提供潤滑與流動流體介質）；3. 足夠的坡度（通常在15度至30度之間，受重力驅動流動）。「水土保持良好」具有穩固邊坡、增強植被抓地力之防護功能，是「抑制」土石流發生的條件，而非誘發要件。
【其他選項解析】足夠堆積物、有效坡度、充沛水量皆為土石流發生的必要要件。"
420,暑期練習7/27,台灣雖有多座水庫，但仍經常出現缺少危機，以下關於水庫的敘述何者正確？,缺水主要是因為原本興建的水庫太小，無法續存足夠的水量,由於許多水庫泥沙淤積嚴重，降低了原本水庫的蓄水量,水庫興建位置錯誤，因此無法蓄積足夠的水量,水庫的水量都作為發電用途，無法提供給民生及工業用水使用,(B) 由於許多水庫泥沙淤積嚴重，降低了原本水庫的蓄水量,"【正確解析】臺灣地質年輕破碎、地震頻繁且集水區坡陡流急，逢颱風豪雨極易引發山崩與水土流失，大量泥沙隨洪水沖入水庫造成嚴重泥沙淤積（如石門水庫、曾文水庫等），大幅削減了水庫的有效蓄水容量，成為枯水期供水緊張的主因。
【其他選項解析】
• 臺灣缺水主因為降雨時空分佈不均與淤積問題，非水庫設計容量過小或位置全錯。
• 水力發電為水庫多目標利用之一，發電後尾水仍可供民生、農業及工業使用。"
421,暑期練習7/27,為了達到源頭減量，環境部於112年7月訂定了哪一項限制，並在114年1月1日起正式生效？,旅宿業不得主動提供一次性個人用品。,菜市場不得主動提供塑膠袋給民眾。,網購包裝材料不可使用含聚氯乙烯塑膠材質。,全國飲料店全面禁用一次性塑膠杯。,(A) 旅宿業不得主動提供一次性個人用品。,"【正確解析】環境部於民國112年（2023年）7月17日公告「一次用旅宿用品限制使用對象及實施方式」，規範觀光旅館業、旅館業、民宿等業者自民國114年（2025年）1月1日起，不得主動提供容量小於180毫升的洗髮乳、潤髮乳、沐浴乳及乳液等液態盥洗品，亦不得主動陳列梳子、牙刷、牙膏、刮鬍刀、刮鬍膏及浴帽等一次性個人衛生用品。
【其他選項解析】網購包材減量規定自112年7月1日生效；飲料店禁用一次用塑膠杯由各縣市於113年底前陸續推動完畢。"
422,暑期練習7/27,一場颱風重創台灣，造成嚴重災損。由於重建資源有限，政府在分配資源時，若要落實「氣候正義」的理念，應優先考量哪一群體？,擁有保險的富人家庭,無家可歸的弱勢族群,房地產開發商,股市投資客,(B) 無家可歸的弱勢族群,"【正確解析】「氣候正義」（Climate Justice）強調氣候變遷衝擊與資源分配的公平性。社會與經濟弱勢族群（如偏鄉居民、無家可歸者、低收入戶）通常碳排放最少，但在面對極端氣候災害時承受的打擊最沉重且缺乏自力復原與調適資源，政府在資源分配上應優先提供救助與重建支援。
【其他選項解析】富人家庭多具商業保險與高風險承受能力；開發商與投資客非人道公共救濟優先對象。"
423,暑期練習7/27,卡式爐瓦斯罐用完後，應當以『完、包、警、收』四步驟進行處理，請問關於口訣的意義，何者「錯誤」？,完：確認用完,包：單獨打包,警：加註示警,收：不可回收,(D) 收：不可回收,"【正確解析】高壓瓦斯罐回收安全四步驟「完、包、警、收」中，「收」代表「交給清潔隊回收人員回收」。瓦斯罐屬於高壓金屬容器，確認耗盡後獨立打包並加註警語，交付清潔隊資源回收車回收，切勿混入一般垃圾以防垃圾車壓縮引發爆炸火災，故選項D（不可回收）錯誤。
【其他選項解析】完＝確認殘氣用盡、包＝獨立打包、警＝加註高壓瓶示警字樣，皆為正確步驟。"
424,暑期練習7/27,「潮汐發電」的發電原理為何？,利用海水的溫差,利用海水的波動,利用海流的流動,利用海水的水位差,(D) 利用海水的水位差,"【正確解析】潮汐發電（Tidal Power）是在潮差顯著的海灣或河口築壩建造水庫，利用月球與太陽引力引起的漲潮與落潮週期所產生的「海水水位高度差（位能）」，引導水流進出推動水輪機旋轉帶動發電機發電。
【其他選項解析】
• 海水溫差：海洋溫差發電（OTEC）。
• 海水波動：波浪發電（Wave Power）。
• 海流流動：洋流/海流發電（Ocean Current Power）。"
425,暑期練習7/27,請問我國哪座國家公園地形由花崗岩、紅土臺地及海岸低地所組成？,台江國家公園,金門國家公園,太魯閣國家公園,雪霸國家公園,(B) 金門國家公園,"【正確解析】金門國家公園是我國首座以維護歷史文化、戰役史蹟及自然生態保育為宗旨的國家公園。其地質基底主要為中生代的花崗岩與花崗片麻岩，地表則廣泛覆蓋第四紀紅土臺地堆積層及四周平緩的海岸低地沙灘與泥灘。
【其他選項解析】台江為沙洲濕地與潟湖；太魯閣為大理石變質岩高山峽谷；雪霸為高山板岩地質。"
426,暑期練習7/27,為什麼每個人都應該參與減緩氣候變遷的行動？,因為氣候變遷只影響其他國家,個人行動無法改變氣候變遷,每個人的小行動累積起來可以帶來正面改變,氣候變遷只需要政府處理，和人民無關,(C) 每個人的小行動累積起來可以帶來正面改變,"【正確解析】氣候變遷是全球性且攸關每個人的生存危機。個人的綠色生活實踐（如節約能源、搭乘公共運輸、惜食減廢、自備環保用具）匯聚成龐大的社會力量，不僅能直接降低碳排，還能透過綠色消費驅動產業與政府政策加速轉型。
【其他選項解析】氣候變遷影響遍及全球；個人行動具有群聚效應；氣候行動需要政府、企業與全體公民共同承擔。"
427,暑期練習7/27,颱風來臨時容易造成土石流災害，其主要原因是下列何者？,颱風氣流引發海水倒灌，使土石遭侵蝕鬆動,颱風帶來短時強降雨，沖刷土石造成鬆動,颱風引發地震，使土石鬆動,颱風造成颳強風，使土石被吹落,(B) 颱風帶來短時強降雨，沖刷土石造成鬆動,"【正確解析】颱風伴隨的極端「短時強降雨」或長時間超大豪雨，會使大量雨水迅速滲入山坡地表層土壤，導致孔隙水壓力驟增、土壤抗剪強度急降，同時地表逕流強烈沖刷崩塌地的鬆散土石，促使土石與水混合受重力作用沿野溪高速流下形成土石流。
【其他選項解析】土石流主要發生在山區野溪流域，與海水倒灌無關；颱風不會引發地震；強風非引發流體流動之主因。"
428,暑期練習7/27,1987年聯合國提出《我們的未來》報告書，其中指出「永續發展」的理念是？,完全禁用一次性餐具,各國減少硫化物排出量及削減氮氧化物30%,2008~2012年達到二氧化碳減量5~8%,滿足當代需求，且不損及後代滿足其需要之發展,(D) 滿足當代需求，且不損及後代滿足其需要之發展,"【正確解析】1987年聯合國世界環境與發展委員會（WCED）發表《我們共同的未來》（Our Common Future，亦稱布倫特蘭報告），正式提出「永續發展」（Sustainable Development）的經典定義：「既能滿足當代人的需求，又兼顧不損害後代人滿足其需求能力的發展模式」。
【其他選項解析】禁用一次性餐具為單一源頭減量措施；削減硫氧化物為區域空污協定；二氧化碳減量5.2%為《京都議定書》第一承諾期目標。"
429,暑期練習7/27,下列何者「不是」飲用水水質標準中物理性之標準項目？,臭度,濁度,硬度,色度,(C) 硬度,"【正確解析】我國《飲用水水質標準》分類中：
• 「物理性標準項目」包含：濁度（Turbidity）、色度（Color）、臭度（Odor）。
• 「總硬度（Hardness）」反映水中鈣、鎂等金屬離子濃度，歸類為「化學性標準項目（影響適飲性物質）」，因此硬度不是物理性項目。
【其他選項解析】臭度、濁度、色度皆為典型的物理性水質檢驗標準。"
430,暑期練習7/27,下列關於微生物的說明，何者錯誤？,指人類肉眼看不見的微小生物，但不包含藻類。,十七世紀雷文霍克發明顯微鏡，人類才看到微生物的真面目。,腸道中的微生物，比人體全身的細胞還要多！,腸道中的微生物可促進人體的養分吸收。,(A) 指人類肉眼看不見的微小生物，但不包含藻類。,"【正確解析】微生物廣泛包含細菌、古菌、真菌、病毒以及單細胞原生生物與「微藻」（如矽藻、單細胞綠藻等），因此「不包含藻類」的敘述是錯誤的。
【其他選項解析】
• 17世紀荷蘭科學家雷文霍克自製顯微鏡首次觀察到微生物。
• 人體腸道微生物菌群數量龐大（約數十兆個），甚至超過人體自體細胞數。
• 腸道菌群能協助消化膳食纖維、合成維生素並促進養分吸收。"
431,暑期練習7/27,公害病是指因公害而生的各種疾病，請問下列何者「不是」公害病？,油症,烏腳病,痛痛病,黃熱病,(D) 黃熱病,"【正確解析】「公害病」是指因人類活動排放之環境污染物（化學毒物、重金屬等）造成人體受害的疾病。「黃熱病」（Yellow Fever）是由黃熱病毒引起的急性蚊媒傳染病（生物病原體感染），非環境公害所致。
【其他選項解析】
• 油症：食用遭多氯聯苯（PCB）及多氯二苯并呋喃污染之米糠油引起的公害中毒。
• 烏腳病：臺灣西南沿海飲用高含砷深井水引起的慢性砷中毒公害病。
• 痛痛病：日本富山縣神通川流域受鎘污染引起的重金屬公害病。"
432,暑期練習7/27,如果垃圾掩埋場沒管理好，垃圾滲出水流出來，最容易汙染哪一種資源？,空氣,聲音,地下水,能源,(C) 地下水,"【正確解析】垃圾掩埋場內的廢棄物在雨水淋溶及厭氧發酵下，會產生含有高濃度有機物、氨氮及重金屬的黑褐色「垃圾滲出水」（Leachate）。若掩埋場底部不透水布破損或防滲設施不良，滲出水會迅速下滲進入含水層，造成嚴重的地下水資源與土壤污染。
【其他選項解析】空氣污染主要來自掩埋場逸散之沼氣（甲烷）；液態滲出水外洩最直接且致命的受體為地下水。"
433,暑期練習7/27,下列何者不屬於二日綠色旅遊行程的必要條件？,環保餐廳/綠食飯桌用餐,環境教育設施場所或生態遊憩場所,搭乘大眾運輸,環保標章旅館住宿,(C) 搭乘大眾運輸,"【正確解析】環境部推動之二日「綠色旅遊」行程規範，其核心認證與必要條件包含：造訪環境教育設施場所或生態遊憩場所、在環保餐廳（綠食飯店）用餐、以及入住環保標章旅館。交通方面雖鼓勵優先搭乘大眾運輸或共乘，但考量部分偏遠自然景點交通可及性，「搭乘大眾運輸」並非強制綁定的必要要件。
【其他選項解析】環保餐廳、環教設施場所、環保標章旅館皆為二日綠色旅遊之必備三大支柱。"
434,暑期練習7/27,下列何者是利用垃圾焚化廠處理垃圾的最主要優點？,消除所有毒性,減少原本的垃圾體積,降低空氣污染,簡化處理垃圾的程序,(B) 減少原本的垃圾體積,"【正確解析】垃圾焚化技術（Incineration）最大的核心優點在於高效「減容」（Volume Reduction）。高溫焚化可將可燃性垃圾體積縮減約85%~90%、重量減少約70%~75%，大幅減緩掩埋場土地空間消耗，並可回收廢熱進行發電。
【其他選項解析】焚化無法消除所有毒性（會產生飛灰與底渣需進一步固化處理）；焚化若操作不當會產生空污（如戴奧辛、酸性氣體）；焚化廠運作程序亦相當繁複。"
435,暑期練習7/27,下列何者不是台灣針對「永續旅遊」所做出的努力？,環境部規定自114年起，旅宿業者不得主動提供一次性備品。,清境地區業者大量興建民宿，促使當地成為熱門旅遊景點。,龜山島管制每日登島人數，減少過多遊客造成的生態壓力。,「台灣好行」景點接駁公車規劃，提升各景點的大眾運輸可及性。,(B) 清境地區業者大量興建民宿，促使當地成為熱門旅遊景點。,"【正確解析】在陡峭脆弱的山坡地超限超載大量興建民宿，會破壞水土保持、加劇崩塌與土石流風險，並引發過度旅遊（Overtourism）破壞高山生態環境，屬於非永續的過度開發行為，絕非永續旅遊的努力。
【其他選項解析】
• 旅宿業限制一次用備品落實源頭減塑。
• 龜山島實施登島承載量管制保護島嶼生態。
• 台灣好行接駁公車提供低碳大眾運輸選擇。"
436,暑期練習7/27,購買環保標章產品能夠實踐哪一項理念？,增加商品包裝，提升吸引力,搭配促銷活動，大量採購囤貨,提升使用效率，減少資源浪費,使用化學塗料，提高產品耐久性,(C) 提升使用效率，減少資源浪費,"【正確解析】環保標章產品自原料取得、生產製造、使用到廢棄回收皆經過嚴格的生命週期評估（LCA）。選購環保標章產品能實踐「提升能源與資源使用效率、減少資源浪費與環境污染」的綠色生產與永續消費理念。
【其他選項解析】過度包裝、盲目大量囤貨、濫用化學塗料皆與環保與綠色生活原則背道而馳。"
437,暑期練習7/27,海上油輪漏油後，要用什麼方法清理油污？,自然分解,用吸油棉清理,用洗潔劑分解油污,加更多水稀釋油污,(B) 用吸油棉清理,"【正確解析】海上發生油輪溢油事故時，標準緊急應變措施為首先布設攔油索圍堵油膜擴散，接著使用親油疏水的「吸油棉」（Oil Absorbent Pads/Booms）或吸油氈吸附清除海面浮油，配合汲油器回收，能有效進行物理移除且不造成二次化學污染。
【其他選項解析】原油自然分解極為緩慢且會毒害海洋生物；普通洗潔劑具化學毒性會乳化下沉傷害海底生態；加水稀釋無法清除漂浮油污。"
438,暑期練習7/27,下列何種空氣污染物是機車排氣檢驗的檢測項目？,懸浮固體及氨氮,一氧化碳及碳氫化合物,懸浮微粒及硫氧化物,氮氧化物及鉛,(B) 一氧化碳及碳氫化合物,"【正確解析】依據我國《使用中機車排放空氣污染物檢驗站設置及管理辦法》及排氣定檢標準，機車定檢站排氣分析儀主要檢測的氣狀污染物項目為「一氧化碳（CO）」與「碳氫化合物（HC）」（同時量測二氧化碳CO2作為燃燒完全度與稀釋判定）。
【其他選項解析】懸浮固體與氨氮為水質污染項目；硫氧化物、鉛、氮氧化物非一般機車年度排氣定檢項目。"
439,暑期練習7/27,釩液流電池與鋰電池相比，有哪些不同之處？,釩液流電池只能用一次。,釩液流電池用顏色顯示電力狀態，且更安全。,鋰電池體積比釩液流電池大很多。,相較於鋰電池，釩液流電池有較多爆炸的風險。,(B) 釩液流電池用顏色顯示電力狀態，且更安全。,"【正確解析】釩液流電池（VRFB）利用釩離子在不同氧化態（V2+紫色、V3+綠色、VO2+藍色、VO2+黃色）之間的氧化還原反應進行儲能，可透過電解液顏色直觀判斷電量狀態；且電解液為水溶液，具不燃性、無熱失控爆炸風險，本質安全性極高且循環壽命超長。
【其他選項解析】釩液流電池可循環充放電數萬次；其能量密度低於鋰電池故體積比鋰電池龐大得多；鋰電池具起火爆炸風險而釩液流電池極為安全。"
440,暑期練習7/27,當湖泊養分過多時，會對河川或湖泊中的生物棲息環境造成何種影響？,魚類會大量繁殖,增加水中氧氣,藻類會大量繁殖,增加魚類的活動空間,(C) 藻類會大量繁殖,"【正確解析】當湖泊水體匯入過量氮、磷營養鹽（即水體優養化 Eutrophication），會刺激浮游微藻與藍綠菌爆發性大量繁殖（形成藻華 / 水華）。藻類死亡後被好氧細菌分解，會劇烈消耗水中溶解氧導致水體缺氧甚至死區，造成魚蝦窒息死亡、水質惡化。
【其他選項解析】藻華爆發會遮蔽陽光並消耗溶氧，造成魚類死亡而非大量繁殖，水體含氧量亦會驟降。"
441,暑期練習7/27,下列何者並非天然濕地所具有的功能？,調節水資源,具備觀光與遊憩功能,生物棲地與食物來源,重要軍事戰略地形,(D) 重要軍事戰略地形,"【正確解析】天然濕地被譽為「地球之腎」，其生態系服務功能包括：水文調節（防洪蓄水、涵養水源）、淨化水質（過濾沉降污染物）、提供生物多樣性棲息與繁衍場所以及環境教育與生態觀光遊憩等。「重要軍事戰略地形」非天然濕地之典型生態功能與價值。
【其他選項解析】調節水資源、觀光遊憩、提供生物棲地皆為國際拉姆薩公約與濕地保育法肯認之核心功能。"
442,暑期練習7/27,以下哪一種細菌對珊瑚的生長有重要的影響？,鏈黴菌,葡萄球菌,乳酸菌,綠硫菌,(D) 綠硫菌,"【正確解析】在海洋生態與微生物研究（如環境部微電影《看不見的多樣性》）中指出，珊瑚共生微生物群落（如綠硫菌 Green Sulfur Bacteria 等光合與硫循環細菌）在珊瑚全共生體（Coral Holobiont）中扮演關鍵角色，能協助硫循環代謝與光能輔助利用，維持珊瑚健康並提升其抗逆境能力。
【其他選項解析】鏈黴菌為常見土壤放線菌；葡萄球菌為病原或共生球菌；乳酸菌主要存在於發酵食品與動物腸道。"
443,暑期練習7/27,關於土壤的敘述，下列何者正確？,土壤是由岩石風化後產生的碎屑組成，成分非常單純。,土壤只是植物需要的，對動物沒有太大的幫助。,土壤裡除了有岩石碎屑，還混有生物遺體腐化後的物質，並有分解者幫忙分解。,健康的土壤應該越乾淨越好，不可以有生物或枯葉殘渣。,(C) 土壤裡除了有岩石碎屑，還混有生物遺體腐化後的物質，並有分解者幫忙分解。,"【正確解析】土壤是由岩石風化形成的礦物質顆粒、動植物遺體分解轉化之有機質（腐植質）、水分、空氣以及龐大的土壤生物（細菌、真菌、蚯蚓等分解者）共同組成的動態多相生態系統。
【其他選項解析】
• 土壤成分包含礦物、有機質、水分、氣體與生物，極其複雜。
• 土壤是陸域所有動植物生存與陸地食物網的根本基石。
• 健康的土壤必須富含有機質與旺盛的土壤微生物活性，絕非無生物的無菌狀態。"
444,暑期練習7/27,氣象局針對山區發布「土石流黃色警戒」訊息。下列哪項是居民應採取的正確行動？,馬上返家收拾行李,前往山區觀察情況,注意政府指示並準備撤離,進入山區幫忙拍攝影片,(C) 注意政府指示並準備撤離,"【正確解析】依據農業部農村發展及水土保持署土石流防災應變規範：
• 「黃色警戒」（預測雨量大於警戒基準值）：地方政府進行疏散避難勸告，保全住戶應檢視物資、注意廣播與官方訊息，並做好隨時撤離的避難準備。
• 「紅色警戒」（實際降雨已達警戒基準值）：地方政府強制疏散撤離。
【其他選項解析】切勿冒險進入山區勘查、逗留或拍攝，以免遭遇暴雨洪水泥石流受困。"
445,暑期練習7/27,台灣的離岸風機主要建在哪裡？,台灣西部的沿岸地帶。,臺南、高雄與屏東外海。,宜蘭、花蓮與台東外海。,新竹、苗栗與彰化外海。,(D) 新竹、苗栗與彰化外海。,"【正確解析】臺灣海峽具有顯著的中央山脈與福建武夷山形成的「峽管效應」，秋冬東北季風風力強勁，其中以「新竹、苗栗、臺中、彰化外海」風能密度最高（名列全球最佳風場之一），且西海岸具廣闊平緩的大陸棚淺海，最適合固定式離岸風機水下基礎之建置。
【其他選項解析】東部外海水深過深（深達數百至上千米）；南部外海風速相對較弱。"
446,暑期練習7/27,有關省水標章的描述，以下何者不正確？,標章中的箭頭向上，代表將中心的水滴接起，強調回收再利用,右邊的三條水帶代表著愛水、節水、親水，鼓勵民眾愛護水資源,省水標章只有藍色一種顏色，若看到金色的標章代表是偽造的標章,貼有省水標章的器材與一般傳統器材相比，表示可以節省一半以上的用水量,(C) 省水標章只有藍色一種顏色，若看到金色的標章代表是偽造的標章,"【正確解析】經濟部水利署推行的省水標章制度分為兩級：「普級省水標章」（藍色水滴）與「金級省水標章」（金色水滴）。金級標章代表比普級具備更高標準的節水效率與品質，因此金色標章是最高等級的官方正版標章，絕非偽造，故選項C錯誤。
【其他選項解析】標章圖案中向上箭頭象徵回收利用、三條藍色水帶代表「愛水、親水、節水」，且標章器材具優異節水效果。"
447,暑期練習7/27,聯合國提書SDGs永續發展目標，請問目標6是什麼？,經濟適用的潔淨能源,保育及維護海洋資源,氣候行動,清潔飲水和衛生設施,(D) 清潔飲水和衛生設施,"【正確解析】聯合國2030永續發展目標（SDGs）共有17項目標：
• SDG 6 為「清潔飲水和衛生設施」（Clean Water and Sanitation，確保所有人享有水及衛生及其永續管理）。
【其他選項解析】
• SDG 7：可負擔的潔淨能源（經濟適用的潔淨能源）。
• SDG 13：氣候行動。
• SDG 14：保育海洋生態（保育及維護海洋資源）。"
448,暑期練習7/27,針對河川污染問題，以下哪一項做法最符合永續發展的整治策略？,倒入消毒水殺菌,以用水泥鋪設保護堤岸,拔除水中植物淨化水質,建設人工濕地進行自然淨化,(D) 建設人工濕地進行自然淨化,"【正確解析】人工濕地（Constructed Wetland）是典型的「以自然為本的解決方案」（Nature-based Solutions, NbS）。利用水生植物吸收、基質過濾吸附以及微生物的生物降解等多重自然機制去除污水中的有機物與氮磷營養鹽，兼具水質淨化、生態棲地營造與景觀綠化功能，符合永續整治策略。
【其他選項解析】倒入消毒水會毒殺河川生態系；水泥三面光工程破壞生態棲地與自淨能力；拔除水生植物削弱水體自然淨化功能。"
449,暑期練習7/27,以下哪一項不是「看不見的多樣性」影片中提到的保育行動？,種回小米，找回泰雅族族民的傳統農耕方式。,培養對珊瑚有幫助的好菌，幫助珊瑚健康。,一地多用，在魚塭養殖廠設置太陽能發電。,利用山林裡的微生物菌種來種菜和養雞。,(C) 一地多用，在魚塭養殖廠設置太陽能發電。,"【正確解析】環境部環境教育微電影《看不見的多樣性》聚焦於「微生物多樣性」的生態價值與保育應用，介紹了泰雅族復育傳統小米農耕、科學家篩選益生菌保護珊瑚抗白化、以及利用林下原生微生物發酵飼料養雞種菜。「在魚塭設置太陽能光電（漁電共生）」雖屬綠能政策，但非該影片介紹的微生物保育行動。
【其他選項解析】復育小米、篩選珊瑚共生好菌、利用山林微菌種種菜養雞皆為影片中介紹之具體案例。"
450,暑期練習7/27,臺灣的飲用水主要來源為何？,回收水,海水淡化,跟別國購買,河川,(D) 河川,"【正確解析】臺灣本島自來水供水系統的水源主要依賴「地面水」（河川水系），包含直接由河川攔河堰取水以及由河川攔蓄形成的水庫水，兩者佔全臺民生與飲用水供水總量七成以上（其餘為地下水與伏流水）。
【其他選項解析】海水淡化主要作為離島及乾旱備援；臺灣未向國外買水；再生回收水主要供應工業冷卻與次級用水。"
451,暑期練習7/30,有關黑面琵鷺的敘述，下列哪個選項是「錯誤」的？,黑面琵鷺瀕臨絕種，屬於世界級保育類動物,黑面琵鷺是候鳥，他們每年會跨越許多國家到臺灣過冬,目前為了黑面琵鷺，我們必須保護臺南七股濕地，不宜開發為工業用地,為保育黑面琵鷺，我們應將他們關在動物園，方便加以照顧使其數量增加,(D) 為保育黑面琵鷺，我們應將他們關在動物園，方便加以照顧使其數量增加,"【正確解析】野生動物保育的首要核心原則為「就地保育」（In-situ Conservation），即保護其天然棲息地與遷徙廊道。黑面琵鷺為長途遷徙性候鳥，將其捕捉關進動物園圈養會剝奪其遷徙習性、覓食與繁衍本能，非正確且健康的保育手段，故選項D錯誤。
【其他選項解析】黑面琵鷺為瀕危世界級保育鳥類；每年秋冬由朝鮮半島等繁殖地南遷臺灣；保護七股與曾文溪口濕地是保育其族群的關鍵作為。"
452,暑期練習7/30,目前臺灣「能源」供給以下列何者為最主要的？,煤,石油,核能,液化天然氣,(B) 石油,"【正確解析】依據經濟部能源署能源統計年報，在臺灣整體的「初級能源總供給」（Primary Energy Supply）結構中，「石油」佔比始終居於首位（約佔40%~44%），廣泛應用於交通運輸燃料、石化工業原料及發電等領域。（注意：若題目問「發電量結構」，燃煤與燃氣佔比較高；若問「整體能源總供給」，則以石油佔比最高）。
【其他選項解析】煤炭、天然氣次於石油；核能佔比已大幅降低。"
453,暑期練習7/30,全球可劃分為熱帶、溫帶、寒帶三個氣候帶。劃分此三個氣候帶的指標為哪兩條緯線？,本初經線、赤道,赤道、回歸線,回歸線、極圈,國際換日線、赤道,(C) 回歸線、極圈,"【正確解析】地球由於地軸傾斜23.5度繞太陽公轉，形成太陽直射範圍與晝夜長短變化：
• 南北回歸線（23.5°N / 23.5°S）之間：為「熱帶」（有太陽直射現象）。
• 回歸線至南北極圈（66.5°N / 66.5°S）之間：為「溫帶」（無直射亦無永晝永夜）。
• 南北極圈至極點（90°N / 90°S）之間：為「寒帶」（有永晝永夜現象）。
因此劃分指標緯線為「回歸線」與「極圈」。"
454,暑期練習7/30,地球平均氣溫愈來愈高，一般認為的主因為下列何者？,火山活動增加,人為二氧化碳的排放量增加,太陽輻射,空氣中帶有硫酸及硝酸成分,(B) 人為二氧化碳的排放量增加,"【正確解析】聯合國政府間氣候變化專門委員會（IPCC）科學評估報告確立：近代全球平均氣溫急遽上升的主因，是人類自工業革命以來大量燃燒化石燃料（煤、石油、天然氣）及土地利用改變，釋放龐大的「二氧化碳」（CO2）等溫室氣體，大幅增強大氣溫室效應所致。
【其他選項解析】火山活動與自然太陽週期變化無法解釋百年來的劇烈升溫；硫酸與硝酸主要引發酸雨。"
455,暑期練習7/30,下列有關登革熱的敘述何者「錯誤」？,主要是經由蚊子叮吮而感染,應在住屋加裝紗窗、紗門,家中積水容器可不用清理,會有發燒的症狀,(C) 家中積水容器可不用清理,"【正確解析】登革熱是由埃及斑蚊或白線斑蚊傳播的急性病毒性傳染病。病媒蚊幼蟲（孑孓）在乾淨的積水容器內孳生，防治登革熱最根本有效的措施就是「巡、倒、清、刷」，落實清理所有室內外積水容器，因此「不用清理」完全錯誤。
【其他選項解析】經由病媒蚊叮咬傳播、加裝紗窗紗門阻隔蚊蟲、發燒頭痛肌肉關節痛皆為正確的防治與臨床知識。"
456,暑期練習7/30,全臺第一座太陽能高鐵車站為何？,臺中站,左營站,苗栗站,臺北站,(C) 苗栗站,"【正確解析】高鐵「苗栗站」是全臺第一座獲得鑽石級綠建築標章的太陽能高鐵車站。該站建築屋頂鋪設大面積太陽能光電板發電自用，並結合自然採光天窗、通風廊道、雨水回收與在地綠建材，是兼具節能減碳與環境永續的現代化綠建築車站。
【其他選項解析】臺中站、左營站、臺北站建置年代較早，首座以全太陽能整合設計獲鑽石級認證之高鐵站為苗栗站。"
457,暑期練習7/30,金門民宅興建朝同一方向並坐落於前低後高的基地上，形成什麼建築布局?,一條龍,三合院,四合院,梳式,(D) 梳式,"【正確解析】金門傳統閩南聚落常順應地勢依山就勢興建，房舍整齊朝向同一方位，坐落於前低後高的斜坡上，前後進退有序、棟距通暢，宛如梳子的梳齒般整齊排列，這種特殊的聚落空間配置形式稱為「梳式布局」（梳式聚落），有利於通風、防強風、排水、日照及防禦防盜。
【其他選項解析】一條龍、三合院、四合院指單一宅院的建築格局型態，整齊順坡排列之聚落空間結構稱為「梳式」。"
458,暑期練習7/30,有關生物分類系統描述，下列哪個選項是「錯誤」的？,以7個階層分類,分類階層越高種類越多,越低階的種類越少，但越相近,外表相似即代表物種相近,(D) 外表相似即代表物種相近,"【正確解析】外表型態相似不代表親緣關係相近。在演化生物學中，不同來源的生物為了適應相似的生態環境，常會演化出外觀或功能相似的器官（稱為「同功器官」與「趨同演化 Convergent Evolution」，例如鯊魚與海豚、鳥類與蝙蝠）。現代生物分類主要依據胚胎發育、解剖同源結構及分子DNA親緣關係進行判斷，故選項D錯誤。
【其他選項解析】林奈分類系統包含「界、門、綱、目、科、屬、種」7個階層；階層越高包含種類越多；階層越低物種間親緣關係越近。"
459,暑期練習7/30,國內受太平洋高壓影響，全臺天氣炎熱，當氣溫達38°C以上且持續3日以上，中央氣象局高溫資訊所顯示燈號為？,綠,黃,橙,紅,(D) 紅,"【正確解析】中央氣象署（原氣象局）高溫資訊燈號標準如下：
• 黃燈：單日最高氣溫達 36°C 以上。
• 橙燈：最高氣溫達 36°C 以上且持續 3 日以上，或單日最高氣溫達 38°C 以上。
• 紅燈：最高氣溫達 38°C 以上且持續 3 日以上（極端高溫警戒）。
因此達38°C以上且持續3日以上為「紅燈」。"
460,暑期練習7/30,目前世界衛生組織中所定義的「細懸浮微粒」，係指空氣中的哪一項污染物？,PM1.0,PM2.5,PM10,TSP,(B) PM2.5,"【正確解析】世界衛生組織（WHO）與我國環境部標準定義：
• 「懸浮微粒」（PM10）：粒徑在10微米（µm）以下之粒狀污染物。
• 「細懸浮微粒」（PM2.5）：粒徑在2.5微米（µm）以下之粒狀污染物。
【其他選項解析】PM1.0為超細微粒；TSP為總懸浮微粒（Total Suspended Particulates）。"
461,暑期練習7/30,道路交通管理處罰條例第44條明定，6月30日起，駕駛人行近行人穿越道或其他依法可供行人穿越之交岔路，不暫停讓行人先行通過最高罰6000元。請問執法標準以「車頭距離斑馬線上行人不足多少公尺開罰」為原則?,4,3,2,1,(B) 3,"【正確解析】依據內政部警政署與交通部公布之不停讓行人執法取締標準：汽車行近行人穿越道，車輛前端（車頭）已進入行人穿越道，且距離斑馬線上行人行進方向在「3公尺以內」（約一個車道寬或3條枕木紋距離）者，即構成違規開罰標準，最高可處新臺幣6,000元罰鍰。"
462,暑期練習7/30,關於壽山國家自然公園的生物，以下敘述何者正確？,有全台灣最大群的山豬居住,馬卡道澤蟹是此地獨特的新種,有許多的狐猴,芝麻蝸牛是常見蝸牛,(B) 馬卡道澤蟹是此地獨特的新種,"【正確解析】高雄壽山國家自然公園具有獨特的隆起珊瑚礁石灰岩地質與湧泉溪溝生態。「馬卡道澤蟹」（Geothelphusa makatao）是以曾世居當地的平埔族馬卡道族命名的臺灣特有種淡水蟹，主要分佈於壽山及半屏山的石灰岩湧泉環境中。
【其他選項解析】壽山著名野生動物為臺灣獼猴而非山豬；狐猴為非洲馬達加斯加特有種；芝麻蝸牛非壽山最具代表性生物。"
463,暑期練習7/30,根據環境教育法第四條，下列選項中哪些是環境教育之對象?,全體國民,政府機關,學校,以上皆是,(D) 以上皆是,"【正確解析】依據我國《環境教育法》第4條明文規定：「環境教育之對象包括全體國民、機關、公營事業機構、高級中等以下學校及政府捐助基金累計超過百分之五十之財團法人。」旨在推動全民終身環境教育，提升全民環境素養。
【其他選項解析】全體國民、政府機關、學校皆為法定之環境教育對象，故選「以上皆是」。"
464,暑期練習7/30,由北至南依序排列臺灣本島的國家公園，下列哪個選項完全正確？,太魯閣、雪霸、墾丁,雪霸、太魯閣、玉山,臺江、玉山、墾丁,雪霸、臺江、玉山,(B) 雪霸、太魯閣、玉山,"【正確解析】臺灣本島國家公園由北向南之地理緯度排列順序為：陽明山（最北）→ 雪霸 → 太魯閣 → 玉山 → 臺江 → 墾丁（最南）。
【選項檢視】
• 選項B：雪霸（新竹/苗栗/臺中）→ 太魯閣（花蓮/臺中/南投）→ 玉山（南投/嘉義/高雄/花蓮），順序完全符合由北向南。
• 其他選項順序混亂（如太魯閣在雪霸南側、臺江在玉山南側等）。"
465,暑期練習7/30,有效餘氯在自來水的安全衛生上扮演極重要的角色。如何維持自來水的有效餘氯？,讓氯氣溶於水中,讓六氯苯溶於水中,讓三氯乙烷溶於水中,讓氯乙烯溶於水中,(A) 讓氯氣溶於水中,"【正確解析】自來水淨水處理程序中，透過在水中注入適量的「氯氣」（Cl2）或次氯酸鈉，氯氣溶於水反應生成具強氧化力與殺菌效果的次氯酸（HOCl）與次氯酸根（OCl⁻），在配水管網中維持一定的「自由有效餘氯」，以持續抑制輸配水過程中的細菌滋生，確保飲用水衛生安全。
【其他選項解析】六氯苯、三氯乙烷、氯乙烯皆為具高毒性、致癌性或環境持久性有機污染物，嚴禁加入飲用水中。"
466,暑期練習7/30,陽明山國家公園擁有獨特的錐狀或鐘狀火山體和火口湖。請問此區多屬於下列哪種岩石？,玄武岩,花崗岩,安山岩,火成岩,(C) 安山岩,"【正確解析】陽明山國家公園（大屯火山群）是由板塊隱沒帶火山噴發形成的火山地質，其岩石以「安山岩」（Andesite）為主。安山岩岩漿黏度較大、流動性中等，易層疊堆積形成錐狀火山體（如七星山）或鐘狀火山體（如紗帽山）。（雖然安山岩屬於火成岩大類，但地質專有名詞指涉大屯火山群特徵岩石為安山岩）。
【其他選項解析】澎湖主要為玄武岩；金門主要為花崗岩。"
467,暑期練習7/30,餐飲業者達成幾項「十大惜食行動」即可成為惜食推廣種子店家？,一項,三項,五項,十項,(B) 三項,【正確解析】環境部為推動惜食環境教育，號召餐飲業者響應「十大惜食行動」。餐飲業者只要承諾並在營運中具體實踐十大惜食行動中的「至少3項（含）以上」，即可申請認證成為「惜食推廣種子店家」，共同推動減少食物浪費。
468,暑期練習7/30,下列何者「不是」水力發電的優點？,不會造成空氣污染,不會有生態衍生問題,運維成本低,可以重複使用,(B) 不會有生態衍生問題,"【正確解析】水力發電（特別是大規模水壩與水庫發電）在興建水壩時會淹沒大面積陸地與森林、阻斷洄游性魚類的溯河通道、改變下游水文泥沙輸送與水溫，並可能引發庫區優養化與地質邊坡失穩等嚴重的河流與陸域生態衍生問題，因此「不會有生態衍生問題」敘述錯誤。
【其他選項解析】無燃燒廢氣空污、水資源可循環利用、運轉維持成本低皆為水力發電的真實優點。"
469,暑期練習7/30,為推動全民食農教育，強化飲食、環境與農業之連結，特制定「食農教育法」。請問其推動方針不包含下列何者?,支持認同在地農業,地產地消永續農業,傳承與創新飲食文化,加入WTO提倡公平貿易,(D) 加入WTO提倡公平貿易,"【正確解析】我國《食農教育法》第3條明定食農教育推動之六大方針：1. 支持認同在地農業、2. 培養均衡飲食習慣、3. 珍惜食物減少浪費、4. 傳承與創新飲食文化、5. 深化飲食連結農業、6. 地產地消永續農業。「加入WTO提倡公平貿易」屬於國際經貿與關稅談判範疇，不屬於食農教育法的推動方針。
【其他選項解析】支持在地農業、地產地消、傳承飲食文化皆為食農教育法核心方針。"
470,暑期練習7/30,在勞動時大量出汗，鹽份亦會同時損耗，若只補充水份容易引起肌肉抽搐疼痛。此為何種熱危害症狀？,熱中暑,熱痙攣,熱衰竭,心臟衰竭,(B) 熱痙攣,"【正確解析】在高溫環境下劇烈勞動或運動大量流汗，體內水分與電解質（特別是鈉、氯離子）隨汗液大量流失；若此時僅大量補充純水而未適當補充鹽分/電解質，會造成血液被稀釋引發低血鈉症，肌肉細胞電位失衡，引發四肢或腹部骨骼肌劇烈抽搐與疼痛，此症狀稱為「熱痙攣」（Heat Cramps）。
【其他選項解析】熱中暑為體溫調節中樞失控（體溫>40°C、皮膚乾熱無汗、意識障礙）；熱衰竭以頭暈、臉色蒼白、虛弱多汗為特徵。"
471,暑期練習7/30,下列何者最符合「源頭減量」的環保原則？[AI重新生成],將使用過的寶特瓶分類回收,將廢紙送至回收場,購買商品時自備環保袋，減少使用一次性塑膠袋,將廚餘集中處理製成堆肥,(C) 購買商品時自備環保袋，減少使用一次性塑膠袋,"【正確解析】廢棄物管理階層（Waste Hierarchy）中，「源頭減量」（Reduce）位居最高優先順位，強調在消費與生活起點即「避免產生廢棄物」。自備環保購物袋能直接減少一次性塑膠袋的使用與產出，最符合源頭減量精神。
【其他選項解析】寶特瓶回收、廢紙回收、廚餘堆肥皆屬於廢棄物產生後的「資源回收與再利用」（Recycle/Reuse），順位次於源頭減量。"
472,暑期練習7/30,在河道逕流量中有84.04%直接入海，主要是因為臺灣的哪個地形特性所致？,坡陡流急,彎彎曲曲,河道平緩,河道寬闊,(A) 坡陡流急,"【正確解析】臺灣中央山脈縱貫全島且地勢高聳，地形東西狹窄、山高谷深，使得臺灣河川普遍具有「長度短、坡度陡、水流急」（坡陡流急）的地形特徵。降雨後地表逕流在極短時間內便迅速奔流入海，導致全臺河道逕流量有高達八成四以上直接排入海洋，難以在陸地自然蓄留。
【其他選項解析】臺灣河川絕非平緩或寬闊，正是因坡度極陡、流速極快導致雨水留存不易。"
473,暑期練習7/30,目前許多產品在包裝上均會標示哪一種資料，代表產品製造排放的二氧化碳？,製造國家,碳足跡,材料成分,運送里程,(B) 碳足跡,"【正確解析】「碳足跡」（Carbon Footprint）標籤是指一項產品或服務在其整個生命週期中（包含原料開採、製造、運輸、使用及最終廢棄回收），直接與間接產生的溫室氣體排放總量，換算為二氧化碳當量（CO2e）後所標示的數據與標籤，引導消費者選購低碳商品。
【其他選項解析】製造國家代表產地；材料成分代表物料構成；運送里程僅反映交通距離。"
474,暑期練習7/30,水稻秋收後，農民栽種油菜花的主要目的是什麼？請選出下列最正確的答案。,開放觀光增加收入,作為下一季稻作的綠肥,榨取油菜籽的油販賣,採收油菜花販賣,(B) 作為下一季稻作的綠肥,"【正確解析】臺灣農民在二期稻作秋收後的冬季休耕期間栽植油菜花（或田菁、波斯菊等），待其生長繁茂後於春耕前直接翻耕掩埋入土壤中分解腐熟，利用其豐富的有機質與氮素充當「綠肥」（Green Manure），能改善土壤物理性結構、增進地力，為下一季稻作提供天然養分。
【其他選項解析】觀光花海與副產品為附加效益，農業上最主要且核心的目的為綠肥土壤改良。"
475,暑期練習7/30,下列哪個選項「不是」環保標章的概念？,低污染,可回收,省資源,低單價,(D) 低單價,"【正確解析】我國環保標章的推動理念是「低污染、省資源、可回收」之3R綠色原則。環保標章旨在引導綠色生產與綠色消費，產品價格由市場供需與研發製造成本決定，「低單價」並非環保標章之審查標準或核心理念。
【其他選項解析】低污染、省資源、可回收為環保標章三大核心指標。"
476,暑期練習7/30,下列哪一個對於熱島效應的描述是正確的？,發生在小島上,使一個地方的溫度特別的高,多發生在植物很多的地方,多發生在海邊,(B) 使一個地方的溫度特別的高,"【正確解析】「都市熱島效應」（Urban Heat Island Effect）是指都會區由於大量人工不透水鋪面（柏油、混凝土高吸熱）、建築密集阻礙通風、植被覆蓋率低以及大量人為廢熱（車輛、空調等）排放，導致都會中心氣溫顯著高於周邊郊區或鄉村的局部高溫現象。
【其他選項解析】熱島效應是指都市宛如發熱的島嶼，並非指真正的海洋小島；綠地植被多有助於降溫減緩熱島效應。"
477,暑期練習7/30,下列何種物質屬於空氣中的「懸浮微粒」？,花粉,水氣,氧氣,氟氯碳化物,(A) 花粉,"【正確解析】「懸浮微粒」（Particulate Matter, PM）是指懸浮於空氣中的固體顆粒或液體微滴。植物「花粉」（Pollen）粒徑介於數微米至數十微米之間，屬於天然生物性固體粒狀污染物（懸浮微粒）。
【其他選項解析】水氣為水蒸氣氣體分子；氧氣為大氣基本氣體分子；氟氯碳化物（CFCs）為人工合成氣態化學物質，皆非固/液態懸浮微粒。"
478,暑期練習7/30,PM2.5危害人體健康的最主要原因是什麼？,PM2.5易隨呼吸深入人體,PM2.5易被皮膚所吸收,PM2.5含有重金屬,PM2.5易沉降累積,(A) PM2.5易隨呼吸深入人體,"【正確解析】細懸浮微粒（PM2.5）粒徑極為微小（直徑≦2.5微米），人體鼻腔鼻毛與呼吸道纖毛黏膜完全無法有效阻擋過濾，其能隨呼吸直接深入呼吸道深處抵達肺泡，甚至穿透肺泡微血管壁屏障進入血液循環系統，引發全身性發炎、心血管疾病、氣喘及肺癌，故易深入人體是其最主要致病原因。
【其他選項解析】PM2.5主要經呼吸道進入而非皮膚吸收；雖常吸附重金屬，但深入肺泡及血管的穿透力是其最關鍵危害機制。"
479,暑期練習7/30,午後雷陣雨常來得急、去得快，往往讓人措手不及。有關午後雷陣雨的敘述，下列哪個選項是正確的？,午後雷陣雨僅出現於臺灣西南部,夏天臺灣盛行的東北風來自於海洋氣團的影響,氣團性質視其起源地而定,源自蒙古大陸的冷氣團為低氣壓,(C) 氣團性質視其起源地而定,"【正確解析】氣象學中，「氣團」（Air Mass）是在廣大且物理性質均勻的地表或海面上長期停留而形成的大範圍空氣塊，其溫度、濕度及穩定度等物理特性主要取決於其起源地的下墊面性質（例如源自高緯度大陸者乾冷，源自熱帶海洋者暖濕），故選項C正確。
【其他選項解析】
• 午後熱對流雷陣雨全臺各地夏季皆常見。
• 夏季臺灣主要盛行來自熱帶海洋的西南季風，東北季風盛行於冬季。
• 源自蒙古大陸的冷氣團為強大的冷「高氣壓」系統。"
480,暑期練習7/30,環境中的重金屬污染，可藉由下列何種作用加深對人體的傷害？,溫室效應,熱島效應,累積效應,光化學效應,(C) 累積效應,"【正確解析】重金屬（如鉛、鎘、汞、砷、鉻等）進入生物體內後，生物體缺乏相應酵素對其進行分解代謝，且排泄速率極慢，會長期蓄積在人體骨骼、肝臟、腎臟或神經系統中，並透過食物鏈產生「生物累積效應」（Bioaccumulation）與「生物放大效應」，隨暴露時間與階層提高濃度，加深對人體器官的慢性毒害。
【其他選項解析】溫室效應與熱島效應為熱環境與氣候現象；光化學效應涉及光化學煙霧生成。"
481,暑期練習7/30,下列何者對於「超級累積植物」的描述是正確的？,可大範圍分解土壤中的重金屬物,可吸附重金屬的一種植物,只可分解土壤中含鐵物質,可吸附土壤中大量的重金屬,(D) 可吸附土壤中大量的重金屬,"【正確解析】「超級累積植物」（Hyperaccumulator）是指對土壤中特定重金屬（如鎘、砷、鎳、鋅、鉛等）具有超常耐受性與超強吸收富集能力的特殊植物。重金屬為化學元素無法被生物「分解」，但超級累積植物能自土壤中吸收並累積極高濃度的重金屬在地上部莖葉組織中（濃度可達普通植物數百至千倍），可用於土壤重金屬污染之「植物修復」（Phytoremediation）。
【其他選項解析】重金屬無法被分解；超級累積植物的關鍵特徵在於能累積「超大劑量」之重金屬。"
482,暑期練習7/30,消防栓、消防車出入口，多少距離以內不得臨時停車？,3公尺,5公尺,8公尺,10公尺,(B) 5公尺,【正確解析】依據我國《道路交通安全規則》第111條第1項第2款及《道路交通管理處罰條例》規定：交岔路口、公共汽車招呼站10公尺內，以及「消防栓、消防車出入口5公尺以內」，不得臨時停車，以確保救災時消防水源取用無阻與消防車輛順暢進出。
483,暑期練習7/30,下列那個濕地位於鳳凰山脈與阿里山山脈嶺線分界點，且植物界線分明？,椬梧濕地,大湳湖濕地,草湳濕地,草坔濕地,(D) 草坔濕地,"【正確解析】南投縣竹山鎮的「草坔濕地」（草坔仔濕地 / 忘憂森林周邊）位於鳳凰山脈與阿里山山脈的稜線分界帶，為臺灣珍貴的中高海拔泥炭沼澤濕地，水文微氣候特殊，呈現針葉林、沼澤水生植物等分明的植被分界與過渡生態。
【其他選項解析】椬梧濕地為雲林沿海人工濕地；草湳濕地位於南投埔里桃米生態村。"
484,暑期練習7/30,在哪一個國家公園內可以看到在陸蟹的繁殖季節時，舉辦協助陸蟹過馬路的保育活動?,澎湖南方四島國家公園,墾丁國家公園,台江國家公園,雪霸國家公園,(B) 墾丁國家公園,"【正確解析】墾丁國家公園（特別是香蕉灣、後灣及港口溪出海口）擁有全球陸蟹多樣性極高的生態環境。每年農曆七至九月月圓夜晚，抱卵母蟹必須橫越沿海公路（如臺26線、屏200線）前往海邊釋幼。墾丁國家公園管理處每年均會發起「護蟹過馬路」交通管制與志工護送行動，防止陸蟹遭受路殺（Roadkill）。
【其他選項解析】雪霸為高山國家公園；澎湖南方四島以玄武岩珊瑚礁海域為主；陸蟹護送活動最經典與歷史悠久的場域為墾丁國家公園。"
485,暑期練習7/30,機車出廠滿五年每年應接受排氣定期檢驗一次，定期檢驗不合格之機車，應於多久內修復並複驗合格?,一個月,三個月,六個月,九個月,(A) 一個月,【正確解析】依據《空氣污染防制法》第44條及機車排放空氣污染物檢驗管理辦法規定：出廠滿5年之機車，每年應於行車執照原發照月份前後一個月內完成排氣定期檢驗；定檢不合格之機車，應於檢驗日起「一個月內」完成調校修復並複驗合格，逾期未複驗合格將依法處以罰鍰。
486,暑期練習7/30,為減少食物、廢棄物及溫室氣體排放等環境問題，環境部於107年開始號召餐飲業者，響應十大惜食行動，成為惜食推廣種子店家，一同推動惜食環境教育。請問下列選項中，何者不屬於惜食行動?,為了讓餐點好看，不使用醜蔬果入菜,將剩餘食物或食材捐贈給食物銀行,鼓勵消費者吃多少買多少,提供客人餐點內容的資訊,(A) 為了讓餐點好看，不使用醜蔬果入菜,"【正確解析】環境部「十大惜食行動」明確倡導「格外惜福（支持格外品/醜蔬果）」，鼓勵店家使用賣相不佳但品質完好的醜蔬果進行烹調，減少因外觀標準而產生的食物浪費。因此「不使用醜蔬果入菜」完全違背惜食行動原則。
【其他選項解析】食材捐贈食物銀行、推廣吃多少點多少、提供餐點份量資訊皆為十大惜食行動之核心內容。"
487,暑期練習7/30,中國大陸北方因燃燒化石燃料而易形成「酸雨」。上述現象，主要發生在臺灣哪一季節？,春季,夏季,秋季,冬季,(D) 冬季,"【正確解析】每年「冬季」，亞洲大陸蒙古與西伯利亞高壓強盛，盛行強烈「東北季風」，常將中國大陸北方燃煤電廠及重工業排放的大量硫氧化物（SOx）與氮氧化物（NOx）等酸性污染物長程傳輸至臺灣上空，伴隨冬季鋒面降雨在臺灣北部及東北部形成嚴重越境酸雨。
【其他選項解析】夏季臺灣盛行西南季風，氣流主要來自南海與西太平洋，境外酸雨傳輸影響較小。"
488,暑期練習7/30,我們日常生活中常接觸的發票，有可能含有哪種環境荷爾蒙?,雙酚A,壬基酚,戴奧辛,十溴二苯醚,(A) 雙酚A,"【正確解析】傳統電子發票、明細收據及傳真紙多使用「感熱紙」（Thermal Paper），其表面塗層常添加「雙酚A」（Bisphenol A, BPA）或雙酚S作為顯色劑。雙酚A是一種已知的內分泌干擾物（環境荷爾蒙），接觸後易經皮膚微量吸收，干擾人體荷爾蒙正常調節機能。
【其他選項解析】壬基酚常存在於傳統清潔劑表面活性劑中；戴奧辛為燃燒副產物；十溴二苯醚為阻燃劑。"
489,暑期練習7/30,下列哪一項是造成墨西哥灣海洋死區(deadzone)的主因？,全球暖化造成,漁民大量捕撈魚群,藻類過度繁殖造成,海底火山爆發,(C) 藻類過度繁殖造成,"【正確解析】墨西哥灣海洋死區是由密西西比河流域沿岸廣大農田流失的化學肥料（氮、磷營養鹽）及生活污水排入海灣，造成水體嚴重優養化，引發「藻類爆發性過度繁殖」（Algal Bloom）。大量藻類死亡沉底後被好氧細菌分解，劇烈消耗底層海水的溶解氧形成大範圍缺氧區（Hypoxia），導致魚蝦等海洋生物無法生存而死亡或逃逸。
【其他選項解析】過度捕撈或海底火山非死區主因；優養化誘發藻類過度繁殖與分解缺氧是根本致病機理。"
490,暑期練習7/30,臺灣東部海域是什麼？,太平洋,福建海峽,巴士海峽,東海,(A) 太平洋,"【正確解析】臺灣本島四面環海：
• 東臨世界最大洋「太平洋」（西太平洋）。
• 西隔臺灣海峽與歐亞大陸相望。
• 南臨巴士海峽與菲律賓隔海相望。
• 北接東海。
因此臺灣東部海域為太平洋。"
491,暑期練習7/30,下列哪一項指標為臺灣水庫水質優養化程度指標？,RPI,CPI,CTSI,WQI,(C) CTSI,"【正確解析】環境部評估臺灣水庫與湖泊優養化程度之專用指標為「卡爾森優養指數」（Carlson Trophic State Index, CTSI），由葉綠素a濃度、透明度（Secchi depth）及總磷濃度三項水質參數計算而得（CTSI<40為貧養，40~50為普養，>50為優養）。
【其他選項解析】
• RPI（River Pollution Index）：河川污染指數（評估溶氧、BOD、SS、氨氮）。
• CPI：消費者物價指數（經濟指標）。
• WQI：水質指數（綜合水質指標）。"
492,暑期練習7/30,以下哪些天然災害經常發生在板塊邊界？(A)火山 | (B)地震 | (C)大型山崩與堰塞湖 | (D)沙塵暴。,[A],[AB],[ABC],[ABCD],(C) [ABC],"【正確解析】板塊交界帶為地殼運動最劇烈處，板塊碰撞擠壓與張裂會直接誘發「(A) 火山噴發」與「(B) 強烈地震」；地震造成的破碎岩層與劇烈抬升地形在暴雨配合下，極易引發「(C) 大型山崩崩塌與堰塞湖」。「(D) 沙塵暴」則是發生在乾旱與半乾旱內陸沙漠荒漠區的氣象與土壤風蝕災害，與板塊構造無直接關聯。因此常發生在板塊邊界的災害為 A、B、C。
【其他選項解析】選項[ABC]最為完整準確。"
493,暑期練習7/30,下列有關「空氣污染」的敘述，哪個選項是「錯誤」的？,PSI值超過100對人體健康會造成影響,懸浮微粒含量高而降低能見度，這種現象稱為「靄」,政府對於懸浮微粒主要來源區，會加強稽查和清掃,環保機關會依不同的營建工程徵收空氣污染防制費,(B) 懸浮微粒含量高而降低能見度，這種現象稱為「靄」,"【正確解析】氣象與環境定義中：
• 「靄」（Mist / 輕霧）：是由大量懸浮於空氣中的微小水滴所組成，通常發生於相對濕度較高時。
• 「霾」（Haze / 煙霾）：是由大量懸浮於空氣中的細懸浮微粒、煙塵等乾燥顆粒物聚集，導致視線混濁、能見度降低的現象。
因此將懸浮微粒降低能見度稱為「靄」是錯誤的（應為「霾」）。
【其他選項解析】PSI>100代表不良；加強街道清掃能抑制揚塵；營建工程依法徵收空污費皆屬正確敘述。"
494,暑期練習7/30,下列何者「不屬於」綠色商品？,獲得能源標章產品,獲得環保標章產品,獲得綠建築標章產品,獲得CNS標章產品,(D) 獲得CNS標章產品,"【正確解析】「CNS標章」（正字標記）為經濟部標準檢驗局核發之「國家標準品質認證」，代表產品品質符合國家基本安全與規格標準，但並未要求具備低污染、省資源、節能等綠色環保特性，因此不屬於綠色商品標章。
【其他選項解析】能源標章（節能）、環保標章（低污染省資源）、綠建築標章（生態節能減廢健康）皆為我國認可之綠色商品/標章。"
495,暑期練習7/30,聲音超過多少分貝就會影響人的睡眠品質?,40分貝,60分貝,70分貝,80分貝,(A) 40分貝,【正確解析】依據世界衛生組織（WHO）夜間噪音準則與環境部噪音管制研究，當夜間睡眠環境噪音超過「40分貝（dB(A)）」時，人體便會產生睡眠干擾（如淺眠、驚醒、翻身次數增加），長期處於40分貝以上噪音環境中會干擾神經系統並增加心血管疾病風險。
496,暑期練習7/30,多溴二苯醚的化學結構類似戴奧辛，請問以下何者為其特性?,具持久性,不易分解,易生物累積,以上皆是,(D) 以上皆是,【正確解析】多溴二苯醚（PBDEs）常被用作電子電器與紡織品的阻燃劑，化學結構與戴奧辛相似，屬於聯合國《斯德哥爾摩公約》管制的「持久性有機污染物」（POPs）。其特性包含：化學結構高度穩定（不易自然分解）、在環境中存在時間極長（具持久性）、強親脂性易在生物脂肪組織中高度濃縮（易生物累積），故選「以上皆是」。
497,暑期練習7/30,依據我國空氣污染防制法施行細則分類，下列何者不屬於粒狀污染物？,油煙,懸浮微粒,臭氧,酸霧,(C) 臭氧,"【正確解析】依據《空氣污染防制法施行細則》第2條空氣污染物分類：
• 「氣狀污染物」：包含一氧化碳、二氧化硫、氮氧化物、碳氫化合物、光化學反應產物（如「臭氧 O3」）等氣態分子。
• 「粒狀污染物」：指懸浮於空氣中之固體或液體微粒，包含落塵、懸浮微粒、油煙、黑煙、酸霧、飛灰等。
因此臭氧為氣狀污染物，不屬於粒狀污染物。"
498,暑期練習7/30,於海岸棄置廢棄物，對海洋生物棲地造成嚴重破壞，違規棄置垃圾可依下列何者法規處以罰鍰?,環境教育法,廢棄物清理法,水污染防治法,資源回收再利用法,(B) 廢棄物清理法,"【正確解析】在海岸、沙灘、河川或任何公共場所隨意棄置、傾倒或堆置一般廢棄物或事業廢棄物，主管機關依據我國《廢棄物清理法》第27條及第50條等相關規定，可依法告發並處新臺幣1,200元以上6,000元以下罰鍰；若涉及非法傾倒事業廢棄物者更可處有期徒刑並重罰。
【其他選項解析】環境教育法規範環教實施；水污染防治法主要針對廢水排放行為；資源回收再利用法規範資源再生機制。"
499,暑期練習7/30,為處理垃圾爆量問題環境部擬於2023年提出《資源循環促進法》來因應，下列對此法案的敘述何者錯誤？,此法案係將《廢棄物清理法》及《資源回收再利用法》整併,此法案目地在翻轉廢棄物定義，推動資源極大化，廢棄物極小化,此法擬對不具再利用價值的廢棄物，公告為政府責任物，由政府吸收處理費用,此法也會對汙染環境的業者加重其刑責,(D) 此法也會對汙染環境的業者加重其刑責,"【正確解析】環境部研擬之《資源循環促進法》草案，核心宗旨是推動「資源極大化、廢棄物極小化」，將《廢棄物清理法》與《資源回收再利用法》二法整併合一，並翻轉廢棄物定義為「資源」，透過課徵資源循環費、暢通循環管道、設計再利用分級等經濟與管理誘因推動綠色循環；其修法重心在於前端資源化與循環經濟制度建構，而非以全面加重業者刑責為該法主要內涵，故選項D敘述錯誤。
【其他選項解析】A、B、C選項皆符合該法案之立法背景與制度設計方向。"
500,暑期練習7/30,下列哪一個是造成河川有太多養分的原因？,排泄物流入河川,石油流入河川,重金屬流入河川,廢熱流入河川,(A) 排泄物流入河川,"【正確解析】河川水體過多「養分」（即富營養化/優養化）是指水體中累積過量的氮（N）與磷（P）化合物。未經妥善處理的人畜排泄物（如未經污水處理廠處理的生活污水、化糞池水、養豬及養禽廢水）富含高濃度的有機氮與磷，排入河川分解後成為藻類生長的主要營養鹽。
【其他選項解析】石油（碳氫化合物油污）、重金屬（毒性化學物質）、廢熱（熱污染）皆為其他類型的水污染，不屬於植物生長所需的「營養鹽/養分」。"
